2026-07-03 22:39:06,234 [MainThread  ] [INFO ]  {
    "beta_schedule": "cosine",
    "boundary_threshold": 0.0,
    "cache_path": null,
    "cls_threshold": 0.0,
    "config": "configs/food.conf",
    "cpu": false,
    "debug": false,
    "device_id": 0,
    "entity_threshold": 2.5,
    "epoch_metrics_path": "/root/shared-nvme/projects/DiffusionNER/outputs/food/diffusionner_food_epoch_entity_metrics.csv",
    "epochs": 100,
    "eval_batch_size": 32,
    "eval_every_epochs": 1,
    "eval_test": true,
    "example_count": null,
    "extand_noise_spans": "concat",
    "final_eval": false,
    "init_eval": false,
    "label": "food_train",
    "local_rank": -1,
    "log_path": "/root/shared-nvme/projects/DiffusionNER/outputs/food/logs",
    "loss_boundary_weight": 1.0,
    "loss_class_weight": 1.0,
    "lowercase": false,
    "lr": 5e-06,
    "lr_warmup": 0.1,
    "lstm_layers": 2,
    "match_boundary_type": "logp",
    "match_boundary_weight": 1.0,
    "match_class_weight": 1.0,
    "match_solver": "hungarian",
    "max_grad_norm": 1.0,
    "model_path": "/root/.cache/modelscope/hub/models/AI-ModelScope/bert-base-chinese",
    "model_type": "diffusionner",
    "nil_weight": -1.0,
    "no_duplicate": false,
    "no_overlapping": false,
    "no_partial_overlapping": true,
    "num_proposals": 60,
    "pool_type": "max",
    "pos_type": "sine",
    "prop_drop": 0.1,
    "repeat_gt_entities": 60,
    "sample_dist_type": "normal",
    "sampling_processes": 4,
    "sampling_timesteps": 5,
    "save_code": false,
    "save_optimizer": false,
    "save_path": "/root/shared-nvme/projects/DiffusionNER/outputs/food/checkpoints",
    "save_path_include_iteration": false,
    "scale": 1.0,
    "seed": 488,
    "soi_pooling": "lrconcat",
    "span_attn_layers": 2,
    "span_renewal": false,
    "split_epoch": 10,
    "stage_one_lr_scale": 2.0,
    "step_embed_type": "add",
    "step_ensemble": false,
    "store_examples": false,
    "store_predictions": false,
    "timesteps": 1000,
    "tokenizer_path": "/root/.cache/modelscope/hub/models/AI-ModelScope/bert-base-chinese",
    "train_batch_size": 8,
    "train_log_iter": 100,
    "train_path": "/root/data/food_json/train.json",
    "type_loss": "celoss",
    "types_path": "/root/shared-nvme/projects/DiffusionNER/data/datasets/food/food_types.json",
    "valid_path": "/root/data/food_json/dev.json",
    "weight_decay": 0.01,
    "wo_cross_attn": false,
    "wo_self_attn": false,
    "world_size": -1
}
2026-07-03 22:39:06,234 [MainThread  ] [INFO ]  Datasets: /root/data/food_json/train.json, /root/data/food_json/dev.json
2026-07-03 22:39:06,234 [MainThread  ] [INFO ]  Model type: diffusionner
2026-07-03 22:39:38,296 [MainThread  ] [INFO ]  Entity type count: 9
2026-07-03 22:39:38,296 [MainThread  ] [INFO ]  Entities:
2026-07-03 22:39:38,296 [MainThread  ] [INFO ]  No Entity=0
2026-07-03 22:39:38,296 [MainThread  ] [INFO ]  IN=1
2026-07-03 22:39:38,297 [MainThread  ] [INFO ]  IV=2
2026-07-03 22:39:38,297 [MainThread  ] [INFO ]  FN=3
2026-07-03 22:39:38,297 [MainThread  ] [INFO ]  FC=4
2026-07-03 22:39:38,297 [MainThread  ] [INFO ]  SNum=5
2026-07-03 22:39:38,297 [MainThread  ] [INFO ]  SN=6
2026-07-03 22:39:38,297 [MainThread  ] [INFO ]  ORG=7
2026-07-03 22:39:38,297 [MainThread  ] [INFO ]  PER=8
2026-07-03 22:39:38,297 [MainThread  ] [INFO ]  Dataset: train
2026-07-03 22:39:38,297 [MainThread  ] [INFO ]  Document count: 12003
2026-07-03 22:39:38,298 [MainThread  ] [INFO ]  Entity count: 20661
2026-07-03 22:39:38,298 [MainThread  ] [INFO ]  Dataset: valid
2026-07-03 22:39:38,298 [MainThread  ] [INFO ]  Document count: 553
2026-07-03 22:39:38,298 [MainThread  ] [INFO ]  Entity count: 842
2026-07-03 22:39:38,298 [MainThread  ] [INFO ]  Dataset: test
2026-07-03 22:39:38,298 [MainThread  ] [INFO ]  Document count: 511
2026-07-03 22:39:38,298 [MainThread  ] [INFO ]  Entity count: 822
2026-07-03 22:39:38,298 [MainThread  ] [INFO ]  Context size: 161
2026-07-03 22:39:38,298 [MainThread  ] [INFO ]  Updates per epoch: 1501
2026-07-03 22:39:38,299 [MainThread  ] [INFO ]  Updates total: 150100
2026-07-03 22:39:39,261 [MainThread  ] [INFO ]  Freeze bert weights from begining
2026-07-03 22:39:39,261 [MainThread  ] [INFO ]  Freeze transformer weights
2026-07-03 22:39:39,569 [MainThread  ] [INFO ]  BertDiffusionNER(
  (bert): BertModel(
    (embeddings): BertEmbeddings(
      (word_embeddings): Embedding(21128, 768, padding_idx=0)
      (position_embeddings): Embedding(512, 768)
      (token_type_embeddings): Embedding(2, 768)
      (LayerNorm): LayerNorm((768,), eps=1e-12, elementwise_affine=True)
      (dropout): Dropout(p=0.1, inplace=False)
    )
    (encoder): BertEncoder(
      (layer): ModuleList(
        (0-11): 12 x BertLayer(
          (attention): BertAttention(
            (self): BertSelfAttention(
              (query): Linear(in_features=768, out_features=768, bias=True)
              (key): Linear(in_features=768, out_features=768, bias=True)
              (value): Linear(in_features=768, out_features=768, bias=True)
              (dropout): Dropout(p=0.1, inplace=False)
            )
            (output): BertSelfOutput(
              (dense): Linear(in_features=768, out_features=768, bias=True)
              (LayerNorm): LayerNorm((768,), eps=1e-12, elementwise_affine=True)
              (dropout): Dropout(p=0.1, inplace=False)
            )
          )
          (intermediate): BertIntermediate(
            (dense): Linear(in_features=768, out_features=3072, bias=True)
            (intermediate_act_fn): GELUActivation()
          )
          (output): BertOutput(
            (dense): Linear(in_features=3072, out_features=768, bias=True)
            (LayerNorm): LayerNorm((768,), eps=1e-12, elementwise_affine=True)
            (dropout): Dropout(p=0.1, inplace=False)
          )
        )
      )
    )
    (pooler): BertPooler(
      (dense): Linear(in_features=768, out_features=768, bias=True)
      (activation): Tanh()
    )
  )
  (model): BertModel(
    (embeddings): BertEmbeddings(
      (word_embeddings): Embedding(21128, 768, padding_idx=0)
      (position_embeddings): Embedding(512, 768)
      (token_type_embeddings): Embedding(2, 768)
      (LayerNorm): LayerNorm((768,), eps=1e-12, elementwise_affine=True)
      (dropout): Dropout(p=0.1, inplace=False)
    )
    (encoder): BertEncoder(
      (layer): ModuleList(
        (0-11): 12 x BertLayer(
          (attention): BertAttention(
            (self): BertSelfAttention(
              (query): Linear(in_features=768, out_features=768, bias=True)
              (key): Linear(in_features=768, out_features=768, bias=True)
              (value): Linear(in_features=768, out_features=768, bias=True)
              (dropout): Dropout(p=0.1, inplace=False)
            )
            (output): BertSelfOutput(
              (dense): Linear(in_features=768, out_features=768, bias=True)
              (LayerNorm): LayerNorm((768,), eps=1e-12, elementwise_affine=True)
              (dropout): Dropout(p=0.1, inplace=False)
            )
          )
          (intermediate): BertIntermediate(
            (dense): Linear(in_features=768, out_features=3072, bias=True)
            (intermediate_act_fn): GELUActivation()
          )
          (output): BertOutput(
            (dense): Linear(in_features=3072, out_features=768, bias=True)
            (LayerNorm): LayerNorm((768,), eps=1e-12, elementwise_affine=True)
            (dropout): Dropout(p=0.1, inplace=False)
          )
        )
      )
    )
    (pooler): BertPooler(
      (dense): Linear(in_features=768, out_features=768, bias=True)
      (activation): Tanh()
    )
  )
  (lstm): LSTM(768, 384, num_layers=2, batch_first=True, dropout=0.1, bidirectional=True)
  (dropout): Dropout(p=0.1, inplace=False)
  (downlinear): Linear(in_features=1536, out_features=768, bias=True)
  (affine_start): Linear(in_features=768, out_features=768, bias=True)
  (affine_end): Linear(in_features=768, out_features=768, bias=True)
  (pos_embeddings): Sequential(
    (0): SinusoidalPositionEmbeddings()
    (1): Linear(in_features=768, out_features=768, bias=True)
    (2): GELU(approximate='none')
    (3): Linear(in_features=768, out_features=768, bias=True)
  )
  (spanattention): SpanAttention(
    (layers): ModuleList(
      (0-1): 2 x SpanAttentionLayer(
        (cross_attn): MultiheadAttention(
          (out_proj): NonDynamicallyQuantizableLinear(in_features=768, out_features=768, bias=True)
        )
        (dropout1): Dropout(p=0.1, inplace=False)
        (norm1): LayerNorm((768,), eps=1e-05, elementwise_affine=True)
        (self_attn): MultiheadAttention(
          (out_proj): NonDynamicallyQuantizableLinear(in_features=768, out_features=768, bias=True)
        )
        (dropout2): Dropout(p=0.1, inplace=False)
        (norm2): LayerNorm((768,), eps=1e-05, elementwise_affine=True)
        (linear1): Linear(in_features=768, out_features=1024, bias=True)
        (dropout3): Dropout(p=0.1, inplace=False)
        (linear2): Linear(in_features=1024, out_features=768, bias=True)
        (dropout4): Dropout(p=0.1, inplace=False)
        (norm3): LayerNorm((768,), eps=1e-05, elementwise_affine=True)
      )
    )
  )
  (left_boundary_predictor): EntityBoundaryPredictor(
    (token_embedding_linear): Sequential(
      (0): Linear(in_features=768, out_features=768, bias=True)
    )
    (entity_embedding_linear): Sequential(
      (0): Linear(in_features=768, out_features=768, bias=True)
    )
    (boundary_predictor): Linear(in_features=768, out_features=1, bias=True)
  )
  (right_boundary_predictor): EntityBoundaryPredictor(
    (token_embedding_linear): Sequential(
      (0): Linear(in_features=768, out_features=768, bias=True)
    )
    (entity_embedding_linear): Sequential(
      (0): Linear(in_features=768, out_features=768, bias=True)
    )
    (boundary_predictor): Linear(in_features=768, out_features=1, bias=True)
  )
  (entity_classifier): EntityTypePredictor(
    (classifier): Sequential(
      (0): Linear(in_features=768, out_features=768, bias=True)
      (1): GELU(approximate='none')
      (2): Linear(in_features=768, out_features=9, bias=True)
    )
  )
  (time_mlp): Sequential(
    (0): SinusoidalPositionEmbeddings()
    (1): Linear(in_features=768, out_features=768, bias=True)
    (2): GELU(approximate='none')
    (3): Linear(in_features=768, out_features=768, bias=True)
  )
)
2026-07-03 22:39:40,164 [MainThread  ] [INFO ]  Train epoch: 0
2026-07-03 22:39:40,379 [MainThread  ] [INFO ]  encodings
2026-07-03 22:39:40,379 [MainThread  ] [INFO ]  tensor([[ 101, 1745,  100,  119,  122, 7608, 1501, 3924, 1217, 1177, 2346, 7000,
         4179,  688, 6994, 3698, 4685, 5682, 6480, 1745,    0,    0,    0,    0,
            0,    0,    0,    0,    0,    0,    0,    0,    0,    0,    0,    0,
            0,    0,    0,    0,    0,    0,    0,    0,    0,    0,    0,    0,
            0,    0,    0,    0,    0,    0,    0,    0,    0,    0,    0,    0,
            0,    0,    0,    0,    0,    0,    0,    0,    0,    0,    0,    0,
            0,    0,    0,    0,    0,    0,    0,    0,    0,    0,    0,    0,
            0,    0,    0,    0,    0,    0,    0,    0,    0,    0,    0,    0,
            0,    0,    0,    0,    0,    0,    0,    0,    0,    0,    0,    0,
            0,    0,    0,    0,    0,    0,    0,    0,    0,    0,    0,    0,
            0,    0,    0,    0,    0,    0,    0,    0,    0,    0,    0,    0,
            0,    0,    0,    0,    0,    0,    0,    0,    0],
        [ 101, 1121, 1327, 1726, 3119, 3988, 1177, 1762, 7961, 7599, 2397, 4246,
         5056,  704, 2916, 1355, 4767, 3779, 7009, 2533, 1168, 3779, 5544,  809,
          897, 3844, 2137, 4500, 1184,  924, 2100,  754,  809,  678, 1102, 5056,
          704,  511,    0,    0,    0,    0,    0,    0,    0,    0,    0,    0,
            0,    0,    0,    0,    0,    0,    0,    0,    0,    0,    0,    0,
            0,    0,    0,    0,    0,    0,    0,    0,    0,    0,    0,    0,
            0,    0,    0,    0,    0,    0,    0,    0,    0,    0,    0,    0,
            0,    0,    0,    0,    0,    0,    0,    0,    0,    0,    0,    0,
            0,    0,    0,    0,    0,    0,    0,    0,    0,    0,    0,    0,
            0,    0,    0,    0,    0,    0,    0,    0,    0,    0,    0,    0,
            0,    0,    0,    0,    0,    0,    0,    0,    0,    0,    0,    0,
            0,    0,    0,    0,    0,    0,    0,    0,    0]])
2026-07-03 22:39:40,383 [MainThread  ] [INFO ]  context_masks
2026-07-03 22:39:40,383 [MainThread  ] [INFO ]  tensor([[ True,  True,  True,  True,  True,  True,  True,  True,  True,  True,
          True,  True,  True,  True,  True,  True,  True,  True,  True,  True,
         False, False, False, False, False, False, False, False, False, False,
         False, False, False, False, False, False, False, False, False, False,
         False, False, False, False, False, False, False, False, False, False,
         False, False, False, False, False, False, False, False, False, False,
         False, False, False, False, False, False, False, False, False, False,
         False, False, False, False, False, False, False, False, False, False,
         False, False, False, False, False, False, False, False, False, False,
         False, False, False, False, False, False, False, False, False, False,
         False, False, False, False, False, False, False, False, False, False,
         False, False, False, False, False, False, False, False, False, False,
         False, False, False, False, False, False, False, False, False, False,
         False, False, False, False, False, False, False, False, False, False,
         False],
        [ True,  True,  True,  True,  True,  True,  True,  True,  True,  True,
          True,  True,  True,  True,  True,  True,  True,  True,  True,  True,
          True,  True,  True,  True,  True,  True,  True,  True,  True,  True,
          True,  True,  True,  True,  True,  True,  True,  True, False, False,
         False, False, False, False, False, False, False, False, False, False,
         False, False, False, False, False, False, False, False, False, False,
         False, False, False, False, False, False, False, False, False, False,
         False, False, False, False, False, False, False, False, False, False,
         False, False, False, False, False, False, False, False, False, False,
         False, False, False, False, False, False, False, False, False, False,
         False, False, False, False, False, False, False, False, False, False,
         False, False, False, False, False, False, False, False, False, False,
         False, False, False, False, False, False, False, False, False, False,
         False, False, False, False, False, False, False, False, False, False,
         False]])
2026-07-03 22:39:40,385 [MainThread  ] [INFO ]  seg_encoding
2026-07-03 22:39:40,385 [MainThread  ] [INFO ]  tensor([[1, 1, 1, 1, 1, 1, 1, 1, 1, 1, 1, 1, 1, 1, 1, 1, 1, 1, 1, 1, 0, 0, 0, 0,
         0, 0, 0, 0, 0, 0, 0, 0, 0, 0, 0, 0, 0, 0, 0, 0, 0, 0, 0, 0, 0, 0, 0, 0,
         0, 0, 0, 0, 0, 0, 0, 0, 0, 0, 0, 0, 0, 0, 0, 0, 0, 0, 0, 0, 0, 0, 0, 0,
         0, 0, 0, 0, 0, 0, 0, 0, 0, 0, 0, 0, 0, 0, 0, 0, 0, 0, 0, 0, 0, 0, 0, 0,
         0, 0, 0, 0, 0, 0, 0, 0, 0, 0, 0, 0, 0, 0, 0, 0, 0, 0, 0, 0, 0, 0, 0, 0,
         0, 0, 0, 0, 0, 0, 0, 0, 0, 0, 0, 0, 0, 0, 0, 0, 0, 0, 0, 0, 0],
        [1, 1, 1, 1, 1, 1, 1, 1, 1, 1, 1, 1, 1, 1, 1, 1, 1, 1, 1, 1, 1, 1, 1, 1,
         1, 1, 1, 1, 1, 1, 1, 1, 1, 1, 1, 1, 1, 1, 0, 0, 0, 0, 0, 0, 0, 0, 0, 0,
         0, 0, 0, 0, 0, 0, 0, 0, 0, 0, 0, 0, 0, 0, 0, 0, 0, 0, 0, 0, 0, 0, 0, 0,
         0, 0, 0, 0, 0, 0, 0, 0, 0, 0, 0, 0, 0, 0, 0, 0, 0, 0, 0, 0, 0, 0, 0, 0,
         0, 0, 0, 0, 0, 0, 0, 0, 0, 0, 0, 0, 0, 0, 0, 0, 0, 0, 0, 0, 0, 0, 0, 0,
         0, 0, 0, 0, 0, 0, 0, 0, 0, 0, 0, 0, 0, 0, 0, 0, 0, 0, 0, 0, 0]])
2026-07-03 22:39:40,387 [MainThread  ] [INFO ]  context2token_masks
2026-07-03 22:39:40,387 [MainThread  ] [INFO ]  tensor([[[False,  True, False,  ..., False, False, False],
         [False, False,  True,  ..., False, False, False],
         [False, False, False,  ..., False, False, False],
         ...,
         [False, False, False,  ..., False, False, False],
         [False, False, False,  ..., False, False, False],
         [False, False, False,  ..., False, False, False]],

        [[False,  True, False,  ..., False, False, False],
         [False, False,  True,  ..., False, False, False],
         [False, False, False,  ..., False, False, False],
         ...,
         [False, False, False,  ..., False, False, False],
         [False, False, False,  ..., False, False, False],
         [False, False, False,  ..., False, False, False]]])
2026-07-03 22:39:40,389 [MainThread  ] [INFO ]  token_masks
2026-07-03 22:39:40,389 [MainThread  ] [INFO ]  tensor([[ True,  True,  True,  True,  True,  True,  True,  True,  True,  True,
          True,  True,  True,  True,  True,  True,  True,  True,  True, False,
         False, False, False, False, False, False, False, False, False, False,
         False, False, False, False, False, False, False, False, False, False,
         False, False, False, False, False, False, False, False, False, False,
         False, False, False, False, False, False, False, False, False, False,
         False, False, False, False, False, False, False, False, False, False,
         False, False, False, False, False, False, False, False, False, False,
         False, False, False, False, False, False, False, False, False, False,
         False, False, False, False, False, False, False, False, False, False,
         False, False, False, False, False, False, False, False, False, False,
         False, False, False, False, False, False, False, False, False, False,
         False, False, False, False, False, False, False, False, False, False,
         False, False, False, False, False, False, False, False, False, False],
        [ True,  True,  True,  True,  True,  True,  True,  True,  True,  True,
          True,  True,  True,  True,  True,  True,  True,  True,  True,  True,
          True,  True,  True,  True,  True,  True,  True,  True,  True,  True,
          True,  True,  True,  True,  True,  True,  True, False, False, False,
         False, False, False, False, False, False, False, False, False, False,
         False, False, False, False, False, False, False, False, False, False,
         False, False, False, False, False, False, False, False, False, False,
         False, False, False, False, False, False, False, False, False, False,
         False, False, False, False, False, False, False, False, False, False,
         False, False, False, False, False, False, False, False, False, False,
         False, False, False, False, False, False, False, False, False, False,
         False, False, False, False, False, False, False, False, False, False,
         False, False, False, False, False, False, False, False, False, False,
         False, False, False, False, False, False, False, False, False, False]])
2026-07-03 22:39:40,390 [MainThread  ] [INFO ]  gt_types
2026-07-03 22:39:40,391 [MainThread  ] [INFO ]  tensor([[4, 4, 4, 4, 4, 4, 4, 4, 4, 4, 4, 4, 4, 4, 4, 4, 4, 4, 4, 4, 4, 4, 4, 4,
         4, 4, 4, 4, 4, 4, 4, 4, 4, 4, 4, 4, 4, 4, 4, 4, 4, 4, 4, 4, 4, 4, 4, 4,
         4, 4, 4, 4, 4, 4, 4, 4, 4, 4, 4, 4],
        [4, 4, 4, 4, 4, 4, 4, 4, 4, 4, 4, 4, 4, 4, 4, 4, 4, 4, 4, 4, 4, 4, 4, 4,
         4, 4, 4, 4, 4, 4, 4, 4, 4, 4, 4, 4, 4, 4, 4, 4, 4, 4, 4, 4, 4, 4, 4, 4,
         4, 4, 4, 4, 4, 4, 4, 4, 4, 4, 4, 4]])
2026-07-03 22:39:40,392 [MainThread  ] [INFO ]  gt_spans
2026-07-03 22:39:40,392 [MainThread  ] [INFO ]  tensor([[[ 4,  8],
         [ 4,  8],
         [ 4,  8],
         [ 4,  8],
         [ 4,  8],
         [ 4,  8],
         [ 4,  8],
         [ 4,  8],
         [ 4,  8],
         [ 4,  8],
         [ 4,  8],
         [ 4,  8],
         [ 4,  8],
         [ 4,  8],
         [ 4,  8],
         [ 4,  8],
         [ 4,  8],
         [ 4,  8],
         [ 4,  8],
         [ 4,  8],
         [ 4,  8],
         [ 4,  8],
         [ 4,  8],
         [ 4,  8],
         [ 4,  8],
         [ 4,  8],
         [ 4,  8],
         [ 4,  8],
         [ 4,  8],
         [ 4,  8],
         [ 4,  8],
         [ 4,  8],
         [ 4,  8],
         [ 4,  8],
         [ 4,  8],
         [ 4,  8],
         [ 4,  8],
         [ 4,  8],
         [ 4,  8],
         [ 4,  8],
         [ 4,  8],
         [ 4,  8],
         [ 4,  8],
         [ 4,  8],
         [ 4,  8],
         [ 4,  8],
         [ 4,  8],
         [ 4,  8],
         [ 4,  8],
         [ 4,  8],
         [ 4,  8],
         [ 4,  8],
         [ 4,  8],
         [ 4,  8],
         [ 4,  8],
         [ 4,  8],
         [ 4,  8],
         [ 4,  8],
         [ 4,  8],
         [ 4,  8]],

        [[20, 21],
         [20, 21],
         [20, 21],
         [20, 21],
         [20, 21],
         [20, 21],
         [20, 21],
         [20, 21],
         [20, 21],
         [20, 21],
         [20, 21],
         [20, 21],
         [20, 21],
         [20, 21],
         [20, 21],
         [20, 21],
         [20, 21],
         [20, 21],
         [20, 21],
         [20, 21],
         [20, 21],
         [20, 21],
         [20, 21],
         [20, 21],
         [20, 21],
         [20, 21],
         [20, 21],
         [20, 21],
         [20, 21],
         [20, 21],
         [20, 21],
         [20, 21],
         [20, 21],
         [20, 21],
         [20, 21],
         [20, 21],
         [20, 21],
         [20, 21],
         [20, 21],
         [20, 21],
         [20, 21],
         [20, 21],
         [20, 21],
         [20, 21],
         [20, 21],
         [20, 21],
         [20, 21],
         [20, 21],
         [20, 21],
         [20, 21],
         [20, 21],
         [20, 21],
         [20, 21],
         [20, 21],
         [20, 21],
         [20, 21],
         [20, 21],
         [20, 21],
         [20, 21],
         [20, 21]]])
2026-07-03 22:39:40,394 [MainThread  ] [INFO ]  entity_masks
2026-07-03 22:39:40,395 [MainThread  ] [INFO ]  tensor([[True, True, True, True, True, True, True, True, True, True, True, True,
         True, True, True, True, True, True, True, True, True, True, True, True,
         True, True, True, True, True, True, True, True, True, True, True, True,
         True, True, True, True, True, True, True, True, True, True, True, True,
         True, True, True, True, True, True, True, True, True, True, True, True],
        [True, True, True, True, True, True, True, True, True, True, True, True,
         True, True, True, True, True, True, True, True, True, True, True, True,
         True, True, True, True, True, True, True, True, True, True, True, True,
         True, True, True, True, True, True, True, True, True, True, True, True,
         True, True, True, True, True, True, True, True, True, True, True, True]])
2026-07-03 22:39:40,396 [MainThread  ] [INFO ]  meta_doc
2026-07-03 22:39:40,396 [MainThread  ] [INFO ]  [图 B . 1 食 品 添 加 剂 己 酸 烯 丙 酯 气 相 色 谱 图 => [食 品 添 加 剂 -> (4, 8)-> FC], 减 压 回 收 溶 剂 在 鼓 风 干 燥 箱 中 挥 发 石 油 醚 得 到 油 脂 以 供 测 定 用 前 保 存 于 以 下 冰 箱 中 。 => [油 脂 -> (20, 21)-> FC]]
2026-07-03 22:41:22,228 [MainThread  ] [INFO ]  Evaluate: valid
2026-07-03 22:41:25,872 [MainThread  ] [INFO ]  Evaluation
2026-07-03 22:41:25,873 [MainThread  ] [INFO ]  
2026-07-03 22:41:25,873 [MainThread  ] [INFO ]  --- NER ---
2026-07-03 22:41:25,873 [MainThread  ] [INFO ]  
2026-07-03 22:41:25,882 [MainThread  ] [INFO ]                  type    precision       recall     f1-score      support
2026-07-03 22:41:25,882 [MainThread  ] [INFO ]                    FN         0.00         0.00         0.00         35.0
2026-07-03 22:41:25,882 [MainThread  ] [INFO ]                   PER         0.00         0.00         0.00          3.0
2026-07-03 22:41:25,882 [MainThread  ] [INFO ]                    IV         0.00         0.00         0.00         73.0
2026-07-03 22:41:25,882 [MainThread  ] [INFO ]                    FC         0.00         0.00         0.00        383.0
2026-07-03 22:41:25,883 [MainThread  ] [INFO ]                    SN         0.00         0.00         0.00         10.0
2026-07-03 22:41:25,883 [MainThread  ] [INFO ]                   ORG         0.00         0.00         0.00         40.0
2026-07-03 22:41:25,883 [MainThread  ] [INFO ]                    IN         0.00         0.00         0.00         75.0
2026-07-03 22:41:25,883 [MainThread  ] [INFO ]                  SNum         0.00         0.00         0.00        223.0
2026-07-03 22:41:25,883 [MainThread  ] [INFO ]  
2026-07-03 22:41:25,883 [MainThread  ] [INFO ]                 micro         0.00         0.00         0.00        842.0
2026-07-03 22:41:25,883 [MainThread  ] [INFO ]                 macro         0.00         0.00         0.00        842.0
2026-07-03 22:41:25,883 [MainThread  ] [INFO ]  
2026-07-03 22:41:25,883 [MainThread  ] [INFO ]  --- NER on Localization ---
2026-07-03 22:41:25,883 [MainThread  ] [INFO ]  
2026-07-03 22:41:25,890 [MainThread  ] [INFO ]                  type    precision       recall     f1-score      support
2026-07-03 22:41:25,891 [MainThread  ] [INFO ]                Entity         0.00         0.00         0.00        842.0
2026-07-03 22:41:25,891 [MainThread  ] [INFO ]  
2026-07-03 22:41:25,891 [MainThread  ] [INFO ]                 micro         0.00         0.00         0.00        842.0
2026-07-03 22:41:25,891 [MainThread  ] [INFO ]                 macro         0.00         0.00         0.00        842.0
2026-07-03 22:41:25,891 [MainThread  ] [INFO ]  
2026-07-03 22:41:25,891 [MainThread  ] [INFO ]  --- NER on Classification ---
2026-07-03 22:41:25,891 [MainThread  ] [INFO ]  
2026-07-03 22:41:25,898 [MainThread  ] [INFO ]                  type    precision       recall     f1-score      support
2026-07-03 22:41:25,898 [MainThread  ] [INFO ]                    FN         0.00         0.00         0.00         35.0
2026-07-03 22:41:25,898 [MainThread  ] [INFO ]                   PER         0.00         0.00         0.00          3.0
2026-07-03 22:41:25,898 [MainThread  ] [INFO ]                    IV         0.00         0.00         0.00         73.0
2026-07-03 22:41:25,899 [MainThread  ] [INFO ]                    FC         0.00         0.00         0.00        383.0
2026-07-03 22:41:25,899 [MainThread  ] [INFO ]                    SN         0.00         0.00         0.00         10.0
2026-07-03 22:41:25,899 [MainThread  ] [INFO ]                   ORG         0.00         0.00         0.00         40.0
2026-07-03 22:41:25,899 [MainThread  ] [INFO ]                    IN         0.00         0.00         0.00         75.0
2026-07-03 22:41:25,899 [MainThread  ] [INFO ]                  SNum         0.00         0.00         0.00        223.0
2026-07-03 22:41:25,899 [MainThread  ] [INFO ]  
2026-07-03 22:41:25,899 [MainThread  ] [INFO ]                 micro         0.00         0.00         0.00        842.0
2026-07-03 22:41:25,899 [MainThread  ] [INFO ]                 macro         0.00         0.00         0.00        842.0
2026-07-03 22:41:25,908 [MainThread  ] [INFO ]  Evaluate: test
2026-07-03 22:41:28,905 [MainThread  ] [INFO ]  Evaluation
2026-07-03 22:41:28,905 [MainThread  ] [INFO ]  
2026-07-03 22:41:28,905 [MainThread  ] [INFO ]  --- NER ---
2026-07-03 22:41:28,905 [MainThread  ] [INFO ]  
2026-07-03 22:41:28,913 [MainThread  ] [INFO ]                  type    precision       recall     f1-score      support
2026-07-03 22:41:28,913 [MainThread  ] [INFO ]                    FN         0.00         0.00         0.00         37.0
2026-07-03 22:41:28,913 [MainThread  ] [INFO ]                   PER         0.00         0.00         0.00          1.0
2026-07-03 22:41:28,914 [MainThread  ] [INFO ]                    IV         0.00         0.00         0.00        151.0
2026-07-03 22:41:28,914 [MainThread  ] [INFO ]                    FC         0.00         0.00         0.00        197.0
2026-07-03 22:41:28,914 [MainThread  ] [INFO ]                    SN         0.00         0.00         0.00          6.0
2026-07-03 22:41:28,914 [MainThread  ] [INFO ]                   ORG         0.00         0.00         0.00         35.0
2026-07-03 22:41:28,914 [MainThread  ] [INFO ]                    IN         0.00         0.00         0.00        156.0
2026-07-03 22:41:28,914 [MainThread  ] [INFO ]                  SNum         0.00         0.00         0.00        239.0
2026-07-03 22:41:28,914 [MainThread  ] [INFO ]  
2026-07-03 22:41:28,914 [MainThread  ] [INFO ]                 micro         0.00         0.00         0.00        822.0
2026-07-03 22:41:28,914 [MainThread  ] [INFO ]                 macro         0.00         0.00         0.00        822.0
2026-07-03 22:41:28,915 [MainThread  ] [INFO ]  
2026-07-03 22:41:28,915 [MainThread  ] [INFO ]  --- NER on Localization ---
2026-07-03 22:41:28,915 [MainThread  ] [INFO ]  
2026-07-03 22:41:28,921 [MainThread  ] [INFO ]                  type    precision       recall     f1-score      support
2026-07-03 22:41:28,922 [MainThread  ] [INFO ]                Entity         0.00         0.00         0.00        822.0
2026-07-03 22:41:28,922 [MainThread  ] [INFO ]  
2026-07-03 22:41:28,922 [MainThread  ] [INFO ]                 micro         0.00         0.00         0.00        822.0
2026-07-03 22:41:28,922 [MainThread  ] [INFO ]                 macro         0.00         0.00         0.00        822.0
2026-07-03 22:41:28,922 [MainThread  ] [INFO ]  
2026-07-03 22:41:28,922 [MainThread  ] [INFO ]  --- NER on Classification ---
2026-07-03 22:41:28,922 [MainThread  ] [INFO ]  
2026-07-03 22:41:28,929 [MainThread  ] [INFO ]                  type    precision       recall     f1-score      support
2026-07-03 22:41:28,929 [MainThread  ] [INFO ]                    FN         0.00         0.00         0.00         37.0
2026-07-03 22:41:28,929 [MainThread  ] [INFO ]                   PER         0.00         0.00         0.00          1.0
2026-07-03 22:41:28,929 [MainThread  ] [INFO ]                    IV         0.00         0.00         0.00        151.0
2026-07-03 22:41:28,930 [MainThread  ] [INFO ]                    FC         0.00         0.00         0.00        197.0
2026-07-03 22:41:28,930 [MainThread  ] [INFO ]                    SN         0.00         0.00         0.00          6.0
2026-07-03 22:41:28,930 [MainThread  ] [INFO ]                   ORG         0.00         0.00         0.00         35.0
2026-07-03 22:41:28,930 [MainThread  ] [INFO ]                    IN         0.00         0.00         0.00        156.0
2026-07-03 22:41:28,930 [MainThread  ] [INFO ]                  SNum         0.00         0.00         0.00        239.0
2026-07-03 22:41:28,930 [MainThread  ] [INFO ]  
2026-07-03 22:41:28,930 [MainThread  ] [INFO ]                 micro         0.00         0.00         0.00        822.0
2026-07-03 22:41:28,930 [MainThread  ] [INFO ]                 macro         0.00         0.00         0.00        822.0
2026-07-03 22:41:28,940 [MainThread  ] [INFO ]  Best F1 score update, from -1.0 to 0.0
2026-07-03 22:41:29,706 [MainThread  ] [INFO ]  Best Dev-F1 score: 0.0, achieved at Epoch: 1, Test-F1: 0.0
2026-07-03 22:41:29,706 [MainThread  ] [INFO ]  Train epoch: 1
2026-07-03 22:43:10,677 [MainThread  ] [INFO ]  Evaluate: valid
2026-07-03 22:43:14,815 [MainThread  ] [INFO ]  Evaluation
2026-07-03 22:43:14,816 [MainThread  ] [INFO ]  
2026-07-03 22:43:14,816 [MainThread  ] [INFO ]  --- NER ---
2026-07-03 22:43:14,816 [MainThread  ] [INFO ]  
2026-07-03 22:43:14,828 [MainThread  ] [INFO ]                  type    precision       recall     f1-score      support
2026-07-03 22:43:14,828 [MainThread  ] [INFO ]                    FN         0.00         0.00         0.00           35
2026-07-03 22:43:14,828 [MainThread  ] [INFO ]                   PER         0.00         0.00         0.00            3
2026-07-03 22:43:14,832 [MainThread  ] [INFO ]                    IV       100.00        63.01        77.31           73
2026-07-03 22:43:14,832 [MainThread  ] [INFO ]                    FC        77.78        14.62        24.62          383
2026-07-03 22:43:14,832 [MainThread  ] [INFO ]                    SN         0.00         0.00         0.00           10
2026-07-03 22:43:14,833 [MainThread  ] [INFO ]                   ORG         0.00         0.00         0.00           40
2026-07-03 22:43:14,833 [MainThread  ] [INFO ]                    IN        97.87        61.33        75.41           75
2026-07-03 22:43:14,833 [MainThread  ] [INFO ]                  SNum        94.87        16.59        28.24          223
2026-07-03 22:43:14,833 [MainThread  ] [INFO ]  
2026-07-03 22:43:14,833 [MainThread  ] [INFO ]                 micro        90.24        21.97        35.34          842
2026-07-03 22:43:14,833 [MainThread  ] [INFO ]                 macro        46.32        19.45        25.70          842
2026-07-03 22:43:14,833 [MainThread  ] [INFO ]  
2026-07-03 22:43:14,834 [MainThread  ] [INFO ]  --- NER on Localization ---
2026-07-03 22:43:14,834 [MainThread  ] [INFO ]  
2026-07-03 22:43:14,845 [MainThread  ] [INFO ]                  type    precision       recall     f1-score      support
2026-07-03 22:43:14,845 [MainThread  ] [INFO ]                Entity        90.69        21.97        35.37          842
2026-07-03 22:43:14,845 [MainThread  ] [INFO ]  
2026-07-03 22:43:14,845 [MainThread  ] [INFO ]                 micro        90.69        21.97        35.37          842
2026-07-03 22:43:14,846 [MainThread  ] [INFO ]                 macro        90.69        21.97        35.37          842
2026-07-03 22:43:14,846 [MainThread  ] [INFO ]  
2026-07-03 22:43:14,846 [MainThread  ] [INFO ]  --- NER on Classification ---
2026-07-03 22:43:14,846 [MainThread  ] [INFO ]  
2026-07-03 22:43:14,856 [MainThread  ] [INFO ]                  type    precision       recall     f1-score      support
2026-07-03 22:43:14,856 [MainThread  ] [INFO ]                    FN         0.00         0.00         0.00           35
2026-07-03 22:43:14,856 [MainThread  ] [INFO ]                   PER         0.00         0.00         0.00            3
2026-07-03 22:43:14,856 [MainThread  ] [INFO ]                    IV       100.00        63.01        77.31           73
2026-07-03 22:43:14,856 [MainThread  ] [INFO ]                    FC       100.00        14.62        25.51          383
2026-07-03 22:43:14,856 [MainThread  ] [INFO ]                    SN         0.00         0.00         0.00           10
2026-07-03 22:43:14,856 [MainThread  ] [INFO ]                   ORG         0.00         0.00         0.00           40
2026-07-03 22:43:14,857 [MainThread  ] [INFO ]                    IN        97.87        61.33        75.41           75
2026-07-03 22:43:14,857 [MainThread  ] [INFO ]                  SNum       100.00        16.59        28.46          223
2026-07-03 22:43:14,857 [MainThread  ] [INFO ]  
2026-07-03 22:43:14,857 [MainThread  ] [INFO ]                 micro        99.46        21.97        35.99          842
2026-07-03 22:43:14,857 [MainThread  ] [INFO ]                 macro        49.73        19.45        25.84          842
2026-07-03 22:43:14,871 [MainThread  ] [INFO ]  Evaluate: test
2026-07-03 22:43:18,570 [MainThread  ] [INFO ]  Evaluation
2026-07-03 22:43:18,571 [MainThread  ] [INFO ]  
2026-07-03 22:43:18,571 [MainThread  ] [INFO ]  --- NER ---
2026-07-03 22:43:18,571 [MainThread  ] [INFO ]  
2026-07-03 22:43:18,582 [MainThread  ] [INFO ]                  type    precision       recall     f1-score      support
2026-07-03 22:43:18,582 [MainThread  ] [INFO ]                    FN         0.00         0.00         0.00           37
2026-07-03 22:43:18,582 [MainThread  ] [INFO ]                   PER         0.00         0.00         0.00            1
2026-07-03 22:43:18,583 [MainThread  ] [INFO ]                    IV       100.00        47.02        63.96          151
2026-07-03 22:43:18,583 [MainThread  ] [INFO ]                    FC        85.71        12.18        21.33          197
2026-07-03 22:43:18,583 [MainThread  ] [INFO ]                    SN         0.00         0.00         0.00            6
2026-07-03 22:43:18,583 [MainThread  ] [INFO ]                   ORG         0.00         0.00         0.00           35
2026-07-03 22:43:18,583 [MainThread  ] [INFO ]                    IN        99.02        64.74        78.29          156
2026-07-03 22:43:18,583 [MainThread  ] [INFO ]                  SNum       100.00         7.53        14.01          239
2026-07-03 22:43:18,583 [MainThread  ] [INFO ]  
2026-07-03 22:43:18,583 [MainThread  ] [INFO ]                 micro        97.72        26.03        41.11          822
2026-07-03 22:43:18,583 [MainThread  ] [INFO ]                 macro        48.09        16.43        22.20          822
2026-07-03 22:43:18,584 [MainThread  ] [INFO ]  
2026-07-03 22:43:18,584 [MainThread  ] [INFO ]  --- NER on Localization ---
2026-07-03 22:43:18,584 [MainThread  ] [INFO ]  
2026-07-03 22:43:18,593 [MainThread  ] [INFO ]                  type    precision       recall     f1-score      support
2026-07-03 22:43:18,594 [MainThread  ] [INFO ]                Entity        97.72        26.03        41.11          822
2026-07-03 22:43:18,594 [MainThread  ] [INFO ]  
2026-07-03 22:43:18,594 [MainThread  ] [INFO ]                 micro        97.72        26.03        41.11          822
2026-07-03 22:43:18,594 [MainThread  ] [INFO ]                 macro        97.72        26.03        41.11          822
2026-07-03 22:43:18,594 [MainThread  ] [INFO ]  
2026-07-03 22:43:18,594 [MainThread  ] [INFO ]  --- NER on Classification ---
2026-07-03 22:43:18,594 [MainThread  ] [INFO ]  
2026-07-03 22:43:18,602 [MainThread  ] [INFO ]                  type    precision       recall     f1-score      support
2026-07-03 22:43:18,603 [MainThread  ] [INFO ]                    FN         0.00         0.00         0.00           37
2026-07-03 22:43:18,603 [MainThread  ] [INFO ]                   PER         0.00         0.00         0.00            1
2026-07-03 22:43:18,603 [MainThread  ] [INFO ]                    IV       100.00        47.02        63.96          151
2026-07-03 22:43:18,603 [MainThread  ] [INFO ]                    FC       100.00        12.18        21.72          197
2026-07-03 22:43:18,603 [MainThread  ] [INFO ]                    SN         0.00         0.00         0.00            6
2026-07-03 22:43:18,603 [MainThread  ] [INFO ]                   ORG         0.00         0.00         0.00           35
2026-07-03 22:43:18,603 [MainThread  ] [INFO ]                    IN       100.00        64.74        78.60          156
2026-07-03 22:43:18,603 [MainThread  ] [INFO ]                  SNum       100.00         7.53        14.01          239
2026-07-03 22:43:18,604 [MainThread  ] [INFO ]  
2026-07-03 22:43:18,604 [MainThread  ] [INFO ]                 micro       100.00        26.03        41.31          822
2026-07-03 22:43:18,604 [MainThread  ] [INFO ]                 macro        50.00        16.43        22.29          822
2026-07-03 22:43:18,616 [MainThread  ] [INFO ]  Best F1 score update, from 0.0 to 35.33906399235912
2026-07-03 22:43:19,514 [MainThread  ] [INFO ]  Best Dev-F1 score: 35.33906399235912, achieved at Epoch: 2, Test-F1: 41.11431316042267
2026-07-03 22:43:19,515 [MainThread  ] [INFO ]  Train epoch: 2
2026-07-03 22:45:00,114 [MainThread  ] [INFO ]  Evaluate: valid
2026-07-03 22:45:04,977 [MainThread  ] [INFO ]  Evaluation
2026-07-03 22:45:04,977 [MainThread  ] [INFO ]  
2026-07-03 22:45:04,977 [MainThread  ] [INFO ]  --- NER ---
2026-07-03 22:45:04,977 [MainThread  ] [INFO ]  
2026-07-03 22:45:04,993 [MainThread  ] [INFO ]                  type    precision       recall     f1-score      support
2026-07-03 22:45:04,993 [MainThread  ] [INFO ]                    FN         0.00         0.00         0.00           35
2026-07-03 22:45:04,993 [MainThread  ] [INFO ]                   PER         0.00         0.00         0.00            3
2026-07-03 22:45:04,993 [MainThread  ] [INFO ]                    IV        98.55        93.15        95.77           73
2026-07-03 22:45:04,994 [MainThread  ] [INFO ]                    FC        72.95        23.24        35.25          383
2026-07-03 22:45:04,994 [MainThread  ] [INFO ]                    SN         0.00         0.00         0.00           10
2026-07-03 22:45:04,994 [MainThread  ] [INFO ]                   ORG        65.00        32.50        43.33           40
2026-07-03 22:45:04,994 [MainThread  ] [INFO ]                    IN        97.33        97.33        97.33           75
2026-07-03 22:45:04,994 [MainThread  ] [INFO ]                  SNum        92.56        50.22        65.12          223
2026-07-03 22:45:04,994 [MainThread  ] [INFO ]  
2026-07-03 22:45:04,994 [MainThread  ] [INFO ]                 micro        87.22        42.16        56.85          842
2026-07-03 22:45:04,994 [MainThread  ] [INFO ]                 macro        53.30        37.06        42.10          842
2026-07-03 22:45:04,994 [MainThread  ] [INFO ]  
2026-07-03 22:45:04,994 [MainThread  ] [INFO ]  --- NER on Localization ---
2026-07-03 22:45:04,995 [MainThread  ] [INFO ]  
2026-07-03 22:45:05,007 [MainThread  ] [INFO ]                  type    precision       recall     f1-score      support
2026-07-03 22:45:05,007 [MainThread  ] [INFO ]                Entity        88.31        42.16        57.07          842
2026-07-03 22:45:05,008 [MainThread  ] [INFO ]  
2026-07-03 22:45:05,008 [MainThread  ] [INFO ]                 micro        88.31        42.16        57.07          842
2026-07-03 22:45:05,008 [MainThread  ] [INFO ]                 macro        88.31        42.16        57.07          842
2026-07-03 22:45:05,008 [MainThread  ] [INFO ]  
2026-07-03 22:45:05,008 [MainThread  ] [INFO ]  --- NER on Classification ---
2026-07-03 22:45:05,008 [MainThread  ] [INFO ]  
2026-07-03 22:45:05,018 [MainThread  ] [INFO ]                  type    precision       recall     f1-score      support
2026-07-03 22:45:05,019 [MainThread  ] [INFO ]                    FN         0.00         0.00         0.00           35
2026-07-03 22:45:05,019 [MainThread  ] [INFO ]                   PER         0.00         0.00         0.00            3
2026-07-03 22:45:05,019 [MainThread  ] [INFO ]                    IV       100.00        93.15        96.45           73
2026-07-03 22:45:05,019 [MainThread  ] [INFO ]                    FC       100.00        23.24        37.71          383
2026-07-03 22:45:05,019 [MainThread  ] [INFO ]                    SN         0.00         0.00         0.00           10
2026-07-03 22:45:05,019 [MainThread  ] [INFO ]                   ORG       100.00        32.50        49.06           40
2026-07-03 22:45:05,019 [MainThread  ] [INFO ]                    IN        98.65        97.33        97.99           75
2026-07-03 22:45:05,019 [MainThread  ] [INFO ]                  SNum        97.39        50.22        66.27          223
2026-07-03 22:45:05,019 [MainThread  ] [INFO ]  
2026-07-03 22:45:05,019 [MainThread  ] [INFO ]                 micro        98.89        42.16        59.12          842
2026-07-03 22:45:05,020 [MainThread  ] [INFO ]                 macro        62.00        37.06        43.44          842
2026-07-03 22:45:05,035 [MainThread  ] [INFO ]  Evaluate: test
2026-07-03 22:45:09,441 [MainThread  ] [INFO ]  Evaluation
2026-07-03 22:45:09,449 [MainThread  ] [INFO ]  
2026-07-03 22:45:09,451 [MainThread  ] [INFO ]  --- NER ---
2026-07-03 22:45:09,452 [MainThread  ] [INFO ]  
2026-07-03 22:45:09,473 [MainThread  ] [INFO ]                  type    precision       recall     f1-score      support
2026-07-03 22:45:09,473 [MainThread  ] [INFO ]                    FN         0.00         0.00         0.00           37
2026-07-03 22:45:09,473 [MainThread  ] [INFO ]                   PER         0.00         0.00         0.00            1
2026-07-03 22:45:09,473 [MainThread  ] [INFO ]                    IV       100.00        84.11        91.37          151
2026-07-03 22:45:09,473 [MainThread  ] [INFO ]                    FC        77.59        22.84        35.29          197
2026-07-03 22:45:09,473 [MainThread  ] [INFO ]                    SN         0.00         0.00         0.00            6
2026-07-03 22:45:09,473 [MainThread  ] [INFO ]                   ORG        63.64        20.00        30.43           35
2026-07-03 22:45:09,473 [MainThread  ] [INFO ]                    IN        99.32        92.95        96.03          156
2026-07-03 22:45:09,474 [MainThread  ] [INFO ]                  SNum        84.17        42.26        56.27          239
2026-07-03 22:45:09,474 [MainThread  ] [INFO ]  
2026-07-03 22:45:09,474 [MainThread  ] [INFO ]                 micro        91.99        51.70        66.20          822
2026-07-03 22:45:09,474 [MainThread  ] [INFO ]                 macro        53.09        32.77        38.67          822
2026-07-03 22:45:09,474 [MainThread  ] [INFO ]  
2026-07-03 22:45:09,474 [MainThread  ] [INFO ]  --- NER on Localization ---
2026-07-03 22:45:09,474 [MainThread  ] [INFO ]  
2026-07-03 22:45:09,490 [MainThread  ] [INFO ]                  type    precision       recall     f1-score      support
2026-07-03 22:45:09,490 [MainThread  ] [INFO ]                Entity        92.79        51.70        66.41          822
2026-07-03 22:45:09,490 [MainThread  ] [INFO ]  
2026-07-03 22:45:09,490 [MainThread  ] [INFO ]                 micro        92.79        51.70        66.41          822
2026-07-03 22:45:09,490 [MainThread  ] [INFO ]                 macro        92.79        51.70        66.41          822
2026-07-03 22:45:09,490 [MainThread  ] [INFO ]  
2026-07-03 22:45:09,490 [MainThread  ] [INFO ]  --- NER on Classification ---
2026-07-03 22:45:09,491 [MainThread  ] [INFO ]  
2026-07-03 22:45:09,502 [MainThread  ] [INFO ]                  type    precision       recall     f1-score      support
2026-07-03 22:45:09,502 [MainThread  ] [INFO ]                    FN         0.00         0.00         0.00           37
2026-07-03 22:45:09,502 [MainThread  ] [INFO ]                   PER         0.00         0.00         0.00            1
2026-07-03 22:45:09,502 [MainThread  ] [INFO ]                    IV       100.00        84.11        91.37          151
2026-07-03 22:45:09,502 [MainThread  ] [INFO ]                    FC        95.74        22.84        36.89          197
2026-07-03 22:45:09,503 [MainThread  ] [INFO ]                    SN         0.00         0.00         0.00            6
2026-07-03 22:45:09,503 [MainThread  ] [INFO ]                   ORG       100.00        20.00        33.33           35
2026-07-03 22:45:09,503 [MainThread  ] [INFO ]                    IN       100.00        92.95        96.35          156
2026-07-03 22:45:09,503 [MainThread  ] [INFO ]                  SNum        98.06        42.26        59.06          239
2026-07-03 22:45:09,503 [MainThread  ] [INFO ]  
2026-07-03 22:45:09,503 [MainThread  ] [INFO ]                 micro        99.07        51.70        67.95          822
2026-07-03 22:45:09,503 [MainThread  ] [INFO ]                 macro        61.73        32.77        39.62          822
2026-07-03 22:45:09,521 [MainThread  ] [INFO ]  Best F1 score update, from 35.33906399235912 to 56.84547638110489
2026-07-03 22:45:10,478 [MainThread  ] [INFO ]  Best Dev-F1 score: 56.84547638110489, achieved at Epoch: 3, Test-F1: 66.1993769470405
2026-07-03 22:45:10,478 [MainThread  ] [INFO ]  Train epoch: 3
2026-07-03 22:46:50,079 [MainThread  ] [INFO ]  Evaluate: valid
2026-07-03 22:46:55,068 [MainThread  ] [INFO ]  Evaluation
2026-07-03 22:46:55,068 [MainThread  ] [INFO ]  
2026-07-03 22:46:55,068 [MainThread  ] [INFO ]  --- NER ---
2026-07-03 22:46:55,068 [MainThread  ] [INFO ]  
2026-07-03 22:46:55,084 [MainThread  ] [INFO ]                  type    precision       recall     f1-score      support
2026-07-03 22:46:55,085 [MainThread  ] [INFO ]                    FN         0.00         0.00         0.00           35
2026-07-03 22:46:55,085 [MainThread  ] [INFO ]                   PER         0.00         0.00         0.00            3
2026-07-03 22:46:55,085 [MainThread  ] [INFO ]                    IV        98.59        95.89        97.22           73
2026-07-03 22:46:55,085 [MainThread  ] [INFO ]                    FC        85.22        25.59        39.36          383
2026-07-03 22:46:55,085 [MainThread  ] [INFO ]                    SN         0.00         0.00         0.00           10
2026-07-03 22:46:55,085 [MainThread  ] [INFO ]                   ORG        62.07        45.00        52.17           40
2026-07-03 22:46:55,085 [MainThread  ] [INFO ]                    IN        98.65        97.33        97.99           75
2026-07-03 22:46:55,085 [MainThread  ] [INFO ]                  SNum        96.15        56.05        70.82          223
2026-07-03 22:46:55,085 [MainThread  ] [INFO ]  
2026-07-03 22:46:55,085 [MainThread  ] [INFO ]                 micro        91.65        45.61        60.90          842
2026-07-03 22:46:55,086 [MainThread  ] [INFO ]                 macro        55.09        39.98        44.70          842
2026-07-03 22:46:55,086 [MainThread  ] [INFO ]  
2026-07-03 22:46:55,086 [MainThread  ] [INFO ]  --- NER on Localization ---
2026-07-03 22:46:55,086 [MainThread  ] [INFO ]  
2026-07-03 22:46:55,099 [MainThread  ] [INFO ]                  type    precision       recall     f1-score      support
2026-07-03 22:46:55,099 [MainThread  ] [INFO ]                Entity        92.11        45.72        61.11          842
2026-07-03 22:46:55,099 [MainThread  ] [INFO ]  
2026-07-03 22:46:55,099 [MainThread  ] [INFO ]                 micro        92.11        45.72        61.11          842
2026-07-03 22:46:55,099 [MainThread  ] [INFO ]                 macro        92.11        45.72        61.11          842
2026-07-03 22:46:55,100 [MainThread  ] [INFO ]  
2026-07-03 22:46:55,100 [MainThread  ] [INFO ]  --- NER on Classification ---
2026-07-03 22:46:55,100 [MainThread  ] [INFO ]  
2026-07-03 22:46:55,110 [MainThread  ] [INFO ]                  type    precision       recall     f1-score      support
2026-07-03 22:46:55,111 [MainThread  ] [INFO ]                    FN         0.00         0.00         0.00           35
2026-07-03 22:46:55,111 [MainThread  ] [INFO ]                   PER         0.00         0.00         0.00            3
2026-07-03 22:46:55,111 [MainThread  ] [INFO ]                    IV       100.00        95.89        97.90           73
2026-07-03 22:46:55,111 [MainThread  ] [INFO ]                    FC       100.00        25.59        40.75          383
2026-07-03 22:46:55,111 [MainThread  ] [INFO ]                    SN         0.00         0.00         0.00           10
2026-07-03 22:46:55,111 [MainThread  ] [INFO ]                   ORG        94.74        45.00        61.02           40
2026-07-03 22:46:55,111 [MainThread  ] [INFO ]                    IN       100.00        97.33        98.65           75
2026-07-03 22:46:55,111 [MainThread  ] [INFO ]                  SNum       100.00        56.05        71.84          223
2026-07-03 22:46:55,111 [MainThread  ] [INFO ]  
2026-07-03 22:46:55,111 [MainThread  ] [INFO ]                 micro        99.74        45.61        62.59          842
2026-07-03 22:46:55,112 [MainThread  ] [INFO ]                 macro        61.84        39.98        46.27          842
2026-07-03 22:46:55,127 [MainThread  ] [INFO ]  Evaluate: test
2026-07-03 22:47:00,033 [MainThread  ] [INFO ]  Evaluation
2026-07-03 22:47:00,033 [MainThread  ] [INFO ]  
2026-07-03 22:47:00,033 [MainThread  ] [INFO ]  --- NER ---
2026-07-03 22:47:00,034 [MainThread  ] [INFO ]  
2026-07-03 22:47:00,052 [MainThread  ] [INFO ]                  type    precision       recall     f1-score      support
2026-07-03 22:47:00,052 [MainThread  ] [INFO ]                    FN         0.00         0.00         0.00           37
2026-07-03 22:47:00,052 [MainThread  ] [INFO ]                   PER         0.00         0.00         0.00            1
2026-07-03 22:47:00,052 [MainThread  ] [INFO ]                    IV        98.55        90.07        94.12          151
2026-07-03 22:47:00,053 [MainThread  ] [INFO ]                    FC        85.51        29.95        44.36          197
2026-07-03 22:47:00,053 [MainThread  ] [INFO ]                    SN         0.00         0.00         0.00            6
2026-07-03 22:47:00,053 [MainThread  ] [INFO ]                   ORG        53.85        20.00        29.17           35
2026-07-03 22:47:00,053 [MainThread  ] [INFO ]                    IN        99.33        95.51        97.39          156
2026-07-03 22:47:00,053 [MainThread  ] [INFO ]                  SNum        92.00        48.12        63.19          239
2026-07-03 22:47:00,053 [MainThread  ] [INFO ]  
2026-07-03 22:47:00,053 [MainThread  ] [INFO ]                 micro        93.95        56.69        70.71          822
2026-07-03 22:47:00,054 [MainThread  ] [INFO ]                 macro        53.65        35.46        41.03          822
2026-07-03 22:47:00,054 [MainThread  ] [INFO ]  
2026-07-03 22:47:00,054 [MainThread  ] [INFO ]  --- NER on Localization ---
2026-07-03 22:47:00,054 [MainThread  ] [INFO ]  
2026-07-03 22:47:00,069 [MainThread  ] [INFO ]                  type    precision       recall     f1-score      support
2026-07-03 22:47:00,069 [MainThread  ] [INFO ]                Entity        94.52        56.69        70.87          822
2026-07-03 22:47:00,069 [MainThread  ] [INFO ]  
2026-07-03 22:47:00,069 [MainThread  ] [INFO ]                 micro        94.52        56.69        70.87          822
2026-07-03 22:47:00,070 [MainThread  ] [INFO ]                 macro        94.52        56.69        70.87          822
2026-07-03 22:47:00,070 [MainThread  ] [INFO ]  
2026-07-03 22:47:00,070 [MainThread  ] [INFO ]  --- NER on Classification ---
2026-07-03 22:47:00,070 [MainThread  ] [INFO ]  
2026-07-03 22:47:00,080 [MainThread  ] [INFO ]                  type    precision       recall     f1-score      support
2026-07-03 22:47:00,081 [MainThread  ] [INFO ]                    FN         0.00         0.00         0.00           37
2026-07-03 22:47:00,081 [MainThread  ] [INFO ]                   PER         0.00         0.00         0.00            1
2026-07-03 22:47:00,081 [MainThread  ] [INFO ]                    IV        99.27        90.07        94.44          151
2026-07-03 22:47:00,081 [MainThread  ] [INFO ]                    FC        98.33        29.95        45.91          197
2026-07-03 22:47:00,081 [MainThread  ] [INFO ]                    SN         0.00         0.00         0.00            6
2026-07-03 22:47:00,081 [MainThread  ] [INFO ]                   ORG       100.00        20.00        33.33           35
2026-07-03 22:47:00,081 [MainThread  ] [INFO ]                    IN       100.00        95.51        97.70          156
2026-07-03 22:47:00,082 [MainThread  ] [INFO ]                  SNum       100.00        48.12        64.97          239
2026-07-03 22:47:00,082 [MainThread  ] [INFO ]  
2026-07-03 22:47:00,082 [MainThread  ] [INFO ]                 micro        99.36        56.69        72.19          822
2026-07-03 22:47:00,082 [MainThread  ] [INFO ]                 macro        62.20        35.46        42.05          822
2026-07-03 22:47:00,097 [MainThread  ] [INFO ]  Best F1 score update, from 56.84547638110489 to 60.90404440919905
2026-07-03 22:47:01,044 [MainThread  ] [INFO ]  Best Dev-F1 score: 60.90404440919905, achieved at Epoch: 4, Test-F1: 70.71320182094082
2026-07-03 22:47:01,044 [MainThread  ] [INFO ]  Train epoch: 4
2026-07-03 22:48:41,932 [MainThread  ] [INFO ]  Evaluate: valid
2026-07-03 22:48:47,601 [MainThread  ] [INFO ]  Evaluation
2026-07-03 22:48:47,602 [MainThread  ] [INFO ]  
2026-07-03 22:48:47,602 [MainThread  ] [INFO ]  --- NER ---
2026-07-03 22:48:47,602 [MainThread  ] [INFO ]  
2026-07-03 22:48:47,621 [MainThread  ] [INFO ]                  type    precision       recall     f1-score      support
2026-07-03 22:48:47,621 [MainThread  ] [INFO ]                    FN         0.00         0.00         0.00           35
2026-07-03 22:48:47,621 [MainThread  ] [INFO ]                   PER         0.00         0.00         0.00            3
2026-07-03 22:48:47,621 [MainThread  ] [INFO ]                    IV        98.59        95.89        97.22           73
2026-07-03 22:48:47,621 [MainThread  ] [INFO ]                    FC        82.80        40.21        54.13          383
2026-07-03 22:48:47,621 [MainThread  ] [INFO ]                    SN         0.00         0.00         0.00           10
2026-07-03 22:48:47,622 [MainThread  ] [INFO ]                   ORG        65.62        52.50        58.33           40
2026-07-03 22:48:47,622 [MainThread  ] [INFO ]                    IN        96.05        97.33        96.69           75
2026-07-03 22:48:47,622 [MainThread  ] [INFO ]                  SNum        93.88        61.88        74.59          223
2026-07-03 22:48:47,622 [MainThread  ] [INFO ]  
2026-07-03 22:48:47,622 [MainThread  ] [INFO ]                 micro        89.06        54.16        67.36          842
2026-07-03 22:48:47,622 [MainThread  ] [INFO ]                 macro        54.62        43.48        47.62          842
2026-07-03 22:48:47,622 [MainThread  ] [INFO ]  
2026-07-03 22:48:47,622 [MainThread  ] [INFO ]  --- NER on Localization ---
2026-07-03 22:48:47,622 [MainThread  ] [INFO ]  
2026-07-03 22:48:47,641 [MainThread  ] [INFO ]                  type    precision       recall     f1-score      support
2026-07-03 22:48:47,641 [MainThread  ] [INFO ]                Entity        89.43        54.28        67.55          842
2026-07-03 22:48:47,641 [MainThread  ] [INFO ]  
2026-07-03 22:48:47,641 [MainThread  ] [INFO ]                 micro        89.43        54.28        67.55          842
2026-07-03 22:48:47,641 [MainThread  ] [INFO ]                 macro        89.43        54.28        67.55          842
2026-07-03 22:48:47,641 [MainThread  ] [INFO ]  
2026-07-03 22:48:47,641 [MainThread  ] [INFO ]  --- NER on Classification ---
2026-07-03 22:48:47,642 [MainThread  ] [INFO ]  
2026-07-03 22:48:47,655 [MainThread  ] [INFO ]                  type    precision       recall     f1-score      support
2026-07-03 22:48:47,655 [MainThread  ] [INFO ]                    FN         0.00         0.00         0.00           35
2026-07-03 22:48:47,655 [MainThread  ] [INFO ]                   PER         0.00         0.00         0.00            3
2026-07-03 22:48:47,655 [MainThread  ] [INFO ]                    IV       100.00        95.89        97.90           73
2026-07-03 22:48:47,655 [MainThread  ] [INFO ]                    FC       100.00        40.21        57.36          383
2026-07-03 22:48:47,655 [MainThread  ] [INFO ]                    SN         0.00         0.00         0.00           10
2026-07-03 22:48:47,656 [MainThread  ] [INFO ]                   ORG        95.45        52.50        67.74           40
2026-07-03 22:48:47,656 [MainThread  ] [INFO ]                    IN       100.00        97.33        98.65           75
2026-07-03 22:48:47,656 [MainThread  ] [INFO ]                  SNum       100.00        61.88        76.45          223
2026-07-03 22:48:47,656 [MainThread  ] [INFO ]  
2026-07-03 22:48:47,656 [MainThread  ] [INFO ]                 micro        99.78        54.16        70.21          842
2026-07-03 22:48:47,656 [MainThread  ] [INFO ]                 macro        61.93        43.48        49.76          842
2026-07-03 22:48:47,672 [MainThread  ] [INFO ]  Evaluate: test
2026-07-03 22:48:52,466 [MainThread  ] [INFO ]  Evaluation
2026-07-03 22:48:52,467 [MainThread  ] [INFO ]  
2026-07-03 22:48:52,467 [MainThread  ] [INFO ]  --- NER ---
2026-07-03 22:48:52,467 [MainThread  ] [INFO ]  
2026-07-03 22:48:52,485 [MainThread  ] [INFO ]                  type    precision       recall     f1-score      support
2026-07-03 22:48:52,486 [MainThread  ] [INFO ]                    FN         0.00         0.00         0.00           37
2026-07-03 22:48:52,486 [MainThread  ] [INFO ]                   PER         0.00         0.00         0.00            1
2026-07-03 22:48:52,486 [MainThread  ] [INFO ]                    IV        99.27        90.07        94.44          151
2026-07-03 22:48:52,486 [MainThread  ] [INFO ]                    FC        83.19        47.72        60.65          197
2026-07-03 22:48:52,486 [MainThread  ] [INFO ]                    SN         0.00         0.00         0.00            6
2026-07-03 22:48:52,486 [MainThread  ] [INFO ]                   ORG        44.44        22.86        30.19           35
2026-07-03 22:48:52,486 [MainThread  ] [INFO ]                    IN       100.00        95.51        97.70          156
2026-07-03 22:48:52,486 [MainThread  ] [INFO ]                  SNum        88.73        52.72        66.14          239
2026-07-03 22:48:52,487 [MainThread  ] [INFO ]  
2026-07-03 22:48:52,487 [MainThread  ] [INFO ]                 micro        91.77        62.41        74.29          822
2026-07-03 22:48:52,487 [MainThread  ] [INFO ]                 macro        51.95        38.61        43.64          822
2026-07-03 22:48:52,487 [MainThread  ] [INFO ]  
2026-07-03 22:48:52,487 [MainThread  ] [INFO ]  --- NER on Localization ---
2026-07-03 22:48:52,487 [MainThread  ] [INFO ]  
2026-07-03 22:48:52,504 [MainThread  ] [INFO ]                  type    precision       recall     f1-score      support
2026-07-03 22:48:52,504 [MainThread  ] [INFO ]                Entity        92.10        62.41        74.40          822
2026-07-03 22:48:52,504 [MainThread  ] [INFO ]  
2026-07-03 22:48:52,504 [MainThread  ] [INFO ]                 micro        92.10        62.41        74.40          822
2026-07-03 22:48:52,504 [MainThread  ] [INFO ]                 macro        92.10        62.41        74.40          822
2026-07-03 22:48:52,504 [MainThread  ] [INFO ]  
2026-07-03 22:48:52,505 [MainThread  ] [INFO ]  --- NER on Classification ---
2026-07-03 22:48:52,505 [MainThread  ] [INFO ]  
2026-07-03 22:48:52,517 [MainThread  ] [INFO ]                  type    precision       recall     f1-score      support
2026-07-03 22:48:52,517 [MainThread  ] [INFO ]                    FN         0.00         0.00         0.00           37
2026-07-03 22:48:52,517 [MainThread  ] [INFO ]                   PER         0.00         0.00         0.00            1
2026-07-03 22:48:52,517 [MainThread  ] [INFO ]                    IV       100.00        90.07        94.77          151
2026-07-03 22:48:52,517 [MainThread  ] [INFO ]                    FC        98.95        47.72        64.38          197
2026-07-03 22:48:52,517 [MainThread  ] [INFO ]                    SN         0.00         0.00         0.00            6
2026-07-03 22:48:52,517 [MainThread  ] [INFO ]                   ORG       100.00        22.86        37.21           35
2026-07-03 22:48:52,518 [MainThread  ] [INFO ]                    IN       100.00        95.51        97.70          156
2026-07-03 22:48:52,518 [MainThread  ] [INFO ]                  SNum        99.21        52.72        68.85          239
2026-07-03 22:48:52,518 [MainThread  ] [INFO ]  
2026-07-03 22:48:52,518 [MainThread  ] [INFO ]                 micro        99.61        62.41        76.74          822
2026-07-03 22:48:52,518 [MainThread  ] [INFO ]                 macro        62.27        38.61        45.37          822
2026-07-03 22:48:52,534 [MainThread  ] [INFO ]  Best F1 score update, from 60.90404440919905 to 67.3559822747415
2026-07-03 22:48:53,640 [MainThread  ] [INFO ]  Best Dev-F1 score: 67.3559822747415, achieved at Epoch: 5, Test-F1: 74.29398986241854
2026-07-03 22:48:53,640 [MainThread  ] [INFO ]  Train epoch: 5
2026-07-03 22:50:37,295 [MainThread  ] [INFO ]  Evaluate: valid
2026-07-03 22:50:42,597 [MainThread  ] [INFO ]  Evaluation
2026-07-03 22:50:42,598 [MainThread  ] [INFO ]  
2026-07-03 22:50:42,598 [MainThread  ] [INFO ]  --- NER ---
2026-07-03 22:50:42,598 [MainThread  ] [INFO ]  
2026-07-03 22:50:42,616 [MainThread  ] [INFO ]                  type    precision       recall     f1-score      support
2026-07-03 22:50:42,616 [MainThread  ] [INFO ]                    FN         0.00         0.00         0.00           35
2026-07-03 22:50:42,617 [MainThread  ] [INFO ]                   PER         0.00         0.00         0.00            3
2026-07-03 22:50:42,617 [MainThread  ] [INFO ]                    IV        98.63        98.63        98.63           73
2026-07-03 22:50:42,617 [MainThread  ] [INFO ]                    FC        85.87        41.25        55.73          383
2026-07-03 22:50:42,617 [MainThread  ] [INFO ]                    SN         0.00         0.00         0.00           10
2026-07-03 22:50:42,617 [MainThread  ] [INFO ]                   ORG        68.75        55.00        61.11           40
2026-07-03 22:50:42,617 [MainThread  ] [INFO ]                    IN        93.75       100.00        96.77           75
2026-07-03 22:50:42,617 [MainThread  ] [INFO ]                  SNum        94.67        63.68        76.14          223
2026-07-03 22:50:42,617 [MainThread  ] [INFO ]  
2026-07-03 22:50:42,617 [MainThread  ] [INFO ]                 micro        90.37        55.70        68.92          842
2026-07-03 22:50:42,618 [MainThread  ] [INFO ]                 macro        55.21        44.82        48.55          842
2026-07-03 22:50:42,618 [MainThread  ] [INFO ]  
2026-07-03 22:50:42,618 [MainThread  ] [INFO ]  --- NER on Localization ---
2026-07-03 22:50:42,618 [MainThread  ] [INFO ]  
2026-07-03 22:50:42,633 [MainThread  ] [INFO ]                  type    precision       recall     f1-score      support
2026-07-03 22:50:42,633 [MainThread  ] [INFO ]                Entity        90.89        55.70        69.07          842
2026-07-03 22:50:42,633 [MainThread  ] [INFO ]  
2026-07-03 22:50:42,633 [MainThread  ] [INFO ]                 micro        90.89        55.70        69.07          842
2026-07-03 22:50:42,633 [MainThread  ] [INFO ]                 macro        90.89        55.70        69.07          842
2026-07-03 22:50:42,634 [MainThread  ] [INFO ]  
2026-07-03 22:50:42,634 [MainThread  ] [INFO ]  --- NER on Classification ---
2026-07-03 22:50:42,634 [MainThread  ] [INFO ]  
2026-07-03 22:50:42,645 [MainThread  ] [INFO ]                  type    precision       recall     f1-score      support
2026-07-03 22:50:42,646 [MainThread  ] [INFO ]                    FN         0.00         0.00         0.00           35
2026-07-03 22:50:42,646 [MainThread  ] [INFO ]                   PER         0.00         0.00         0.00            3
2026-07-03 22:50:42,646 [MainThread  ] [INFO ]                    IV        98.63        98.63        98.63           73
2026-07-03 22:50:42,646 [MainThread  ] [INFO ]                    FC        99.37        41.25        58.30          383
2026-07-03 22:50:42,646 [MainThread  ] [INFO ]                    SN         0.00         0.00         0.00           10
2026-07-03 22:50:42,646 [MainThread  ] [INFO ]                   ORG       100.00        55.00        70.97           40
2026-07-03 22:50:42,646 [MainThread  ] [INFO ]                    IN       100.00       100.00       100.00           75
2026-07-03 22:50:42,646 [MainThread  ] [INFO ]                  SNum       100.00        63.68        77.81          223
2026-07-03 22:50:42,647 [MainThread  ] [INFO ]  
2026-07-03 22:50:42,647 [MainThread  ] [INFO ]                 micro        99.58        55.70        71.44          842
2026-07-03 22:50:42,647 [MainThread  ] [INFO ]                 macro        62.25        44.82        50.71          842
2026-07-03 22:50:42,663 [MainThread  ] [INFO ]  Evaluate: test
2026-07-03 22:50:47,448 [MainThread  ] [INFO ]  Evaluation
2026-07-03 22:50:47,448 [MainThread  ] [INFO ]  
2026-07-03 22:50:47,448 [MainThread  ] [INFO ]  --- NER ---
2026-07-03 22:50:47,449 [MainThread  ] [INFO ]  
2026-07-03 22:50:47,832 [MainThread  ] [INFO ]                  type    precision       recall     f1-score      support
2026-07-03 22:50:47,833 [MainThread  ] [INFO ]                    FN         0.00         0.00         0.00           37
2026-07-03 22:50:47,833 [MainThread  ] [INFO ]                   PER         0.00         0.00         0.00            1
2026-07-03 22:50:47,833 [MainThread  ] [INFO ]                    IV       100.00        91.39        95.50          151
2026-07-03 22:50:47,833 [MainThread  ] [INFO ]                    FC        87.04        47.72        61.64          197
2026-07-03 22:50:47,833 [MainThread  ] [INFO ]                    SN         0.00         0.00         0.00            6
2026-07-03 22:50:47,834 [MainThread  ] [INFO ]                   ORG        52.94        25.71        34.62           35
2026-07-03 22:50:47,834 [MainThread  ] [INFO ]                    IN        96.75        95.51        96.13          156
2026-07-03 22:50:47,834 [MainThread  ] [INFO ]                  SNum        92.14        53.97        68.07          239
2026-07-03 22:50:47,834 [MainThread  ] [INFO ]  
2026-07-03 22:50:47,834 [MainThread  ] [INFO ]                 micro        92.84        63.14        75.16          822
2026-07-03 22:50:47,834 [MainThread  ] [INFO ]                 macro        53.61        39.29        44.49          822
2026-07-03 22:50:47,834 [MainThread  ] [INFO ]  
2026-07-03 22:50:47,835 [MainThread  ] [INFO ]  --- NER on Localization ---
2026-07-03 22:50:47,835 [MainThread  ] [INFO ]  
2026-07-03 22:50:47,848 [MainThread  ] [INFO ]                  type    precision       recall     f1-score      support
2026-07-03 22:50:47,849 [MainThread  ] [INFO ]                Entity        93.36        63.26        75.42          822
2026-07-03 22:50:47,849 [MainThread  ] [INFO ]  
2026-07-03 22:50:47,849 [MainThread  ] [INFO ]                 micro        93.36        63.26        75.42          822
2026-07-03 22:50:47,849 [MainThread  ] [INFO ]                 macro        93.36        63.26        75.42          822
2026-07-03 22:50:47,849 [MainThread  ] [INFO ]  
2026-07-03 22:50:47,849 [MainThread  ] [INFO ]  --- NER on Classification ---
2026-07-03 22:50:47,849 [MainThread  ] [INFO ]  
2026-07-03 22:50:47,861 [MainThread  ] [INFO ]                  type    precision       recall     f1-score      support
2026-07-03 22:50:47,861 [MainThread  ] [INFO ]                    FN         0.00         0.00         0.00           37
2026-07-03 22:50:47,861 [MainThread  ] [INFO ]                   PER         0.00         0.00         0.00            1
2026-07-03 22:50:47,861 [MainThread  ] [INFO ]                    IV       100.00        91.39        95.50          151
2026-07-03 22:50:47,861 [MainThread  ] [INFO ]                    FC       100.00        47.72        64.60          197
2026-07-03 22:50:47,862 [MainThread  ] [INFO ]                    SN         0.00         0.00         0.00            6
2026-07-03 22:50:47,862 [MainThread  ] [INFO ]                   ORG       100.00        25.71        40.91           35
2026-07-03 22:50:47,862 [MainThread  ] [INFO ]                    IN        99.33        95.51        97.39          156
2026-07-03 22:50:47,862 [MainThread  ] [INFO ]                  SNum       100.00        53.97        70.11          239
2026-07-03 22:50:47,862 [MainThread  ] [INFO ]  
2026-07-03 22:50:47,862 [MainThread  ] [INFO ]                 micro        99.62        63.14        77.29          822
2026-07-03 22:50:47,862 [MainThread  ] [INFO ]                 macro        62.42        39.29        46.06          822
2026-07-03 22:50:47,877 [MainThread  ] [INFO ]  Best F1 score update, from 67.3559822747415 to 68.9199118295371
2026-07-03 22:50:48,718 [MainThread  ] [INFO ]  Best Dev-F1 score: 68.9199118295371, achieved at Epoch: 6, Test-F1: 75.16292541636493
2026-07-03 22:50:48,718 [MainThread  ] [INFO ]  Train epoch: 6
2026-07-03 22:52:26,346 [MainThread  ] [INFO ]  Evaluate: valid
2026-07-03 22:52:31,934 [MainThread  ] [INFO ]  Evaluation
2026-07-03 22:52:31,934 [MainThread  ] [INFO ]  
2026-07-03 22:52:31,934 [MainThread  ] [INFO ]  --- NER ---
2026-07-03 22:52:31,934 [MainThread  ] [INFO ]  
2026-07-03 22:52:31,952 [MainThread  ] [INFO ]                  type    precision       recall     f1-score      support
2026-07-03 22:52:31,952 [MainThread  ] [INFO ]                    FN         0.00         0.00         0.00           35
2026-07-03 22:52:31,952 [MainThread  ] [INFO ]                   PER         0.00         0.00         0.00            3
2026-07-03 22:52:31,953 [MainThread  ] [INFO ]                    IV        98.63        98.63        98.63           73
2026-07-03 22:52:31,953 [MainThread  ] [INFO ]                    FC        86.86        39.69        54.48          383
2026-07-03 22:52:31,953 [MainThread  ] [INFO ]                    SN         0.00         0.00         0.00           10
2026-07-03 22:52:31,953 [MainThread  ] [INFO ]                   ORG        67.65        57.50        62.16           40
2026-07-03 22:52:31,953 [MainThread  ] [INFO ]                    IN        90.36       100.00        94.94           75
2026-07-03 22:52:31,953 [MainThread  ] [INFO ]                  SNum        96.03        65.02        77.54          223
2026-07-03 22:52:31,953 [MainThread  ] [INFO ]  
2026-07-03 22:52:31,953 [MainThread  ] [INFO ]                 micro        90.50        55.46        68.78          842
2026-07-03 22:52:31,953 [MainThread  ] [INFO ]                 macro        54.94        45.10        48.47          842
2026-07-03 22:52:31,954 [MainThread  ] [INFO ]  
2026-07-03 22:52:31,954 [MainThread  ] [INFO ]  --- NER on Localization ---
2026-07-03 22:52:31,954 [MainThread  ] [INFO ]  
2026-07-03 22:52:31,969 [MainThread  ] [INFO ]                  type    precision       recall     f1-score      support
2026-07-03 22:52:31,969 [MainThread  ] [INFO ]                Entity        90.86        55.46        68.88          842
2026-07-03 22:52:31,969 [MainThread  ] [INFO ]  
2026-07-03 22:52:31,969 [MainThread  ] [INFO ]                 micro        90.86        55.46        68.88          842
2026-07-03 22:52:31,969 [MainThread  ] [INFO ]                 macro        90.86        55.46        68.88          842
2026-07-03 22:52:31,969 [MainThread  ] [INFO ]  
2026-07-03 22:52:31,969 [MainThread  ] [INFO ]  --- NER on Classification ---
2026-07-03 22:52:31,969 [MainThread  ] [INFO ]  
2026-07-03 22:52:31,981 [MainThread  ] [INFO ]                  type    precision       recall     f1-score      support
2026-07-03 22:52:31,981 [MainThread  ] [INFO ]                    FN         0.00         0.00         0.00           35
2026-07-03 22:52:31,981 [MainThread  ] [INFO ]                   PER         0.00         0.00         0.00            3
2026-07-03 22:52:31,981 [MainThread  ] [INFO ]                    IV       100.00        98.63        99.31           73
2026-07-03 22:52:31,981 [MainThread  ] [INFO ]                    FC        99.35        39.69        56.72          383
2026-07-03 22:52:31,981 [MainThread  ] [INFO ]                    SN         0.00         0.00         0.00           10
2026-07-03 22:52:31,982 [MainThread  ] [INFO ]                   ORG        95.83        57.50        71.88           40
2026-07-03 22:52:31,982 [MainThread  ] [INFO ]                    IN       100.00       100.00       100.00           75
2026-07-03 22:52:31,982 [MainThread  ] [INFO ]                  SNum       100.00        65.02        78.80          223
2026-07-03 22:52:31,982 [MainThread  ] [INFO ]  
2026-07-03 22:52:31,982 [MainThread  ] [INFO ]                 micro        99.57        55.46        71.24          842
2026-07-03 22:52:31,982 [MainThread  ] [INFO ]                 macro        61.90        45.10        50.84          842
2026-07-03 22:52:32,002 [MainThread  ] [INFO ]  Evaluate: test
2026-07-03 22:52:36,857 [MainThread  ] [INFO ]  Evaluation
2026-07-03 22:52:36,857 [MainThread  ] [INFO ]  
2026-07-03 22:52:36,857 [MainThread  ] [INFO ]  --- NER ---
2026-07-03 22:52:36,857 [MainThread  ] [INFO ]  
2026-07-03 22:52:36,880 [MainThread  ] [INFO ]                  type    precision       recall     f1-score      support
2026-07-03 22:52:36,881 [MainThread  ] [INFO ]                    FN         0.00         0.00         0.00           37
2026-07-03 22:52:36,881 [MainThread  ] [INFO ]                   PER         0.00         0.00         0.00            1
2026-07-03 22:52:36,881 [MainThread  ] [INFO ]                    FC        85.85        46.19        60.07          197
2026-07-03 22:52:36,881 [MainThread  ] [INFO ]                    IV        99.29        92.05        95.53          151
2026-07-03 22:52:36,881 [MainThread  ] [INFO ]                    SN         0.00         0.00         0.00            6
2026-07-03 22:52:36,882 [MainThread  ] [INFO ]                   ORG        54.55        34.29        42.11           35
2026-07-03 22:52:36,882 [MainThread  ] [INFO ]                    IN        98.03        95.51        96.75          156
2026-07-03 22:52:36,882 [MainThread  ] [INFO ]                  SNum        89.12        54.81        67.88          239
2026-07-03 22:52:36,882 [MainThread  ] [INFO ]  
2026-07-03 22:52:36,882 [MainThread  ] [INFO ]                 micro        92.06        63.50        75.16          822
2026-07-03 22:52:36,882 [MainThread  ] [INFO ]                 macro        53.35        40.36        45.29          822
2026-07-03 22:52:36,883 [MainThread  ] [INFO ]  
2026-07-03 22:52:36,883 [MainThread  ] [INFO ]  --- NER on Localization ---
2026-07-03 22:52:36,883 [MainThread  ] [INFO ]  
2026-07-03 22:52:36,900 [MainThread  ] [INFO ]                  type    precision       recall     f1-score      support
2026-07-03 22:52:36,900 [MainThread  ] [INFO ]                Entity        92.39        63.50        75.27          822
2026-07-03 22:52:36,900 [MainThread  ] [INFO ]  
2026-07-03 22:52:36,900 [MainThread  ] [INFO ]                 micro        92.39        63.50        75.27          822
2026-07-03 22:52:36,900 [MainThread  ] [INFO ]                 macro        92.39        63.50        75.27          822
2026-07-03 22:52:36,900 [MainThread  ] [INFO ]  
2026-07-03 22:52:36,900 [MainThread  ] [INFO ]  --- NER on Classification ---
2026-07-03 22:52:36,900 [MainThread  ] [INFO ]  
2026-07-03 22:52:36,912 [MainThread  ] [INFO ]                  type    precision       recall     f1-score      support
2026-07-03 22:52:36,912 [MainThread  ] [INFO ]                    FN         0.00         0.00         0.00           37
2026-07-03 22:52:36,912 [MainThread  ] [INFO ]                   PER         0.00         0.00         0.00            1
2026-07-03 22:52:36,912 [MainThread  ] [INFO ]                    IV       100.00        92.05        95.86          151
2026-07-03 22:52:36,913 [MainThread  ] [INFO ]                    FC        98.91        46.19        62.98          197
2026-07-03 22:52:36,913 [MainThread  ] [INFO ]                    SN         0.00         0.00         0.00            6
2026-07-03 22:52:36,913 [MainThread  ] [INFO ]                   ORG       100.00        34.29        51.06           35
2026-07-03 22:52:36,913 [MainThread  ] [INFO ]                    IN       100.00        95.51        97.70          156
2026-07-03 22:52:36,913 [MainThread  ] [INFO ]                  SNum       100.00        54.81        70.81          239
2026-07-03 22:52:36,913 [MainThread  ] [INFO ]  
2026-07-03 22:52:36,913 [MainThread  ] [INFO ]                 micro        99.81        63.50        77.62          822
2026-07-03 22:52:36,914 [MainThread  ] [INFO ]                 macro        62.36        40.36        47.30          822
2026-07-03 22:52:36,934 [MainThread  ] [INFO ]  Best Dev-F1 score: 68.9199118295371, achieved at Epoch: 6, Test-F1: 75.16292541636493
2026-07-03 22:52:36,935 [MainThread  ] [INFO ]  Train epoch: 7
2026-07-03 22:54:13,810 [MainThread  ] [INFO ]  Evaluate: valid
2026-07-03 22:54:19,204 [MainThread  ] [INFO ]  Evaluation
2026-07-03 22:54:19,204 [MainThread  ] [INFO ]  
2026-07-03 22:54:19,204 [MainThread  ] [INFO ]  --- NER ---
2026-07-03 22:54:19,205 [MainThread  ] [INFO ]  
2026-07-03 22:54:19,226 [MainThread  ] [INFO ]                  type    precision       recall     f1-score      support
2026-07-03 22:54:19,226 [MainThread  ] [INFO ]                    FN         0.00         0.00         0.00           35
2026-07-03 22:54:19,226 [MainThread  ] [INFO ]                   PER         0.00         0.00         0.00            3
2026-07-03 22:54:19,226 [MainThread  ] [INFO ]                    IV       100.00        98.63        99.31           73
2026-07-03 22:54:19,226 [MainThread  ] [INFO ]                    FC        86.39        43.08        57.49          383
2026-07-03 22:54:19,226 [MainThread  ] [INFO ]                    SN         0.00         0.00         0.00           10
2026-07-03 22:54:19,226 [MainThread  ] [INFO ]                   ORG        65.71        57.50        61.33           40
2026-07-03 22:54:19,226 [MainThread  ] [INFO ]                    IN        92.59       100.00        96.15           75
2026-07-03 22:54:19,227 [MainThread  ] [INFO ]                  SNum        95.54        67.26        78.95          223
2026-07-03 22:54:19,227 [MainThread  ] [INFO ]  
2026-07-03 22:54:19,227 [MainThread  ] [INFO ]                 micro        90.49        57.60        70.39          842
2026-07-03 22:54:19,227 [MainThread  ] [INFO ]                 macro        55.03        45.81        49.15          842
2026-07-03 22:54:19,227 [MainThread  ] [INFO ]  
2026-07-03 22:54:19,227 [MainThread  ] [INFO ]  --- NER on Localization ---
2026-07-03 22:54:19,227 [MainThread  ] [INFO ]  
2026-07-03 22:54:19,245 [MainThread  ] [INFO ]                  type    precision       recall     f1-score      support
2026-07-03 22:54:19,245 [MainThread  ] [INFO ]                Entity        90.82        57.60        70.49          842
2026-07-03 22:54:19,246 [MainThread  ] [INFO ]  
2026-07-03 22:54:19,252 [MainThread  ] [INFO ]                 micro        90.82        57.60        70.49          842
2026-07-03 22:54:19,252 [MainThread  ] [INFO ]                 macro        90.82        57.60        70.49          842
2026-07-03 22:54:19,252 [MainThread  ] [INFO ]  
2026-07-03 22:54:19,252 [MainThread  ] [INFO ]  --- NER on Classification ---
2026-07-03 22:54:19,253 [MainThread  ] [INFO ]  
2026-07-03 22:54:19,264 [MainThread  ] [INFO ]                  type    precision       recall     f1-score      support
2026-07-03 22:54:19,265 [MainThread  ] [INFO ]                    FN         0.00         0.00         0.00           35
2026-07-03 22:54:19,265 [MainThread  ] [INFO ]                   PER         0.00         0.00         0.00            3
2026-07-03 22:54:19,265 [MainThread  ] [INFO ]                    IV       100.00        98.63        99.31           73
2026-07-03 22:54:19,265 [MainThread  ] [INFO ]                    FC        99.40        43.08        60.11          383
2026-07-03 22:54:19,265 [MainThread  ] [INFO ]                    SN         0.00         0.00         0.00           10
2026-07-03 22:54:19,265 [MainThread  ] [INFO ]                   ORG        95.83        57.50        71.88           40
2026-07-03 22:54:19,265 [MainThread  ] [INFO ]                    IN       100.00       100.00       100.00           75
2026-07-03 22:54:19,265 [MainThread  ] [INFO ]                  SNum       100.00        67.26        80.43          223
2026-07-03 22:54:19,265 [MainThread  ] [INFO ]  
2026-07-03 22:54:19,266 [MainThread  ] [INFO ]                 micro        99.59        57.60        72.99          842
2026-07-03 22:54:19,266 [MainThread  ] [INFO ]                 macro        61.90        45.81        51.47          842
2026-07-03 22:54:19,283 [MainThread  ] [INFO ]  Evaluate: test
2026-07-03 22:54:24,325 [MainThread  ] [INFO ]  Evaluation
2026-07-03 22:54:24,325 [MainThread  ] [INFO ]  
2026-07-03 22:54:24,325 [MainThread  ] [INFO ]  --- NER ---
2026-07-03 22:54:24,325 [MainThread  ] [INFO ]  
2026-07-03 22:54:24,345 [MainThread  ] [INFO ]                  type    precision       recall     f1-score      support
2026-07-03 22:54:24,345 [MainThread  ] [INFO ]                    FN         0.00         0.00         0.00           37
2026-07-03 22:54:24,345 [MainThread  ] [INFO ]                   PER         0.00         0.00         0.00            1
2026-07-03 22:54:24,345 [MainThread  ] [INFO ]                    IV        98.58        92.05        95.21          151
2026-07-03 22:54:24,345 [MainThread  ] [INFO ]                    FC        82.26        51.78        63.55          197
2026-07-03 22:54:24,346 [MainThread  ] [INFO ]                    SN         0.00         0.00         0.00            6
2026-07-03 22:54:24,346 [MainThread  ] [INFO ]                   ORG        56.52        37.14        44.83           35
2026-07-03 22:54:24,346 [MainThread  ] [INFO ]                    IN       100.00        94.87        97.37          156
2026-07-03 22:54:24,346 [MainThread  ] [INFO ]                  SNum        89.17        58.58        70.71          239
2026-07-03 22:54:24,346 [MainThread  ] [INFO ]  
2026-07-03 22:54:24,346 [MainThread  ] [INFO ]                 micro        91.25        65.94        76.55          822
2026-07-03 22:54:24,346 [MainThread  ] [INFO ]                 macro        53.32        41.80        46.46          822
2026-07-03 22:54:24,346 [MainThread  ] [INFO ]  
2026-07-03 22:54:24,346 [MainThread  ] [INFO ]  --- NER on Localization ---
2026-07-03 22:54:24,347 [MainThread  ] [INFO ]  
2026-07-03 22:54:24,738 [MainThread  ] [INFO ]                  type    precision       recall     f1-score      support
2026-07-03 22:54:24,739 [MainThread  ] [INFO ]                Entity        92.02        65.94        76.82          822
2026-07-03 22:54:24,739 [MainThread  ] [INFO ]  
2026-07-03 22:54:24,739 [MainThread  ] [INFO ]                 micro        92.02        65.94        76.82          822
2026-07-03 22:54:24,739 [MainThread  ] [INFO ]                 macro        92.02        65.94        76.82          822
2026-07-03 22:54:24,739 [MainThread  ] [INFO ]  
2026-07-03 22:54:24,739 [MainThread  ] [INFO ]  --- NER on Classification ---
2026-07-03 22:54:24,740 [MainThread  ] [INFO ]  
2026-07-03 22:54:24,753 [MainThread  ] [INFO ]                  type    precision       recall     f1-score      support
2026-07-03 22:54:24,753 [MainThread  ] [INFO ]                    FN         0.00         0.00         0.00           37
2026-07-03 22:54:24,753 [MainThread  ] [INFO ]                   PER         0.00         0.00         0.00            1
2026-07-03 22:54:24,753 [MainThread  ] [INFO ]                    IV       100.00        92.05        95.86          151
2026-07-03 22:54:24,753 [MainThread  ] [INFO ]                    FC        96.23        51.78        67.33          197
2026-07-03 22:54:24,753 [MainThread  ] [INFO ]                    SN         0.00         0.00         0.00            6
2026-07-03 22:54:24,754 [MainThread  ] [INFO ]                   ORG       100.00        37.14        54.17           35
2026-07-03 22:54:24,754 [MainThread  ] [INFO ]                    IN       100.00        94.87        97.37          156
2026-07-03 22:54:24,754 [MainThread  ] [INFO ]                  SNum       100.00        58.58        73.88          239
2026-07-03 22:54:24,754 [MainThread  ] [INFO ]  
2026-07-03 22:54:24,754 [MainThread  ] [INFO ]                 micro        99.27        65.94        79.24          822
2026-07-03 22:54:24,754 [MainThread  ] [INFO ]                 macro        62.03        41.80        48.58          822
2026-07-03 22:54:24,771 [MainThread  ] [INFO ]  Best F1 score update, from 68.9199118295371 to 70.39187227866474
2026-07-03 22:54:25,798 [MainThread  ] [INFO ]  Best Dev-F1 score: 70.39187227866474, achieved at Epoch: 8, Test-F1: 76.55367231638417
2026-07-03 22:54:25,798 [MainThread  ] [INFO ]  Train epoch: 8
2026-07-03 22:56:03,353 [MainThread  ] [INFO ]  Evaluate: valid
2026-07-03 22:56:08,736 [MainThread  ] [INFO ]  Evaluation
2026-07-03 22:56:08,736 [MainThread  ] [INFO ]  
2026-07-03 22:56:08,736 [MainThread  ] [INFO ]  --- NER ---
2026-07-03 22:56:08,736 [MainThread  ] [INFO ]  
2026-07-03 22:56:08,757 [MainThread  ] [INFO ]                  type    precision       recall     f1-score      support
2026-07-03 22:56:08,757 [MainThread  ] [INFO ]                    FN         0.00         0.00         0.00           35
2026-07-03 22:56:08,757 [MainThread  ] [INFO ]                   PER         0.00         0.00         0.00            3
2026-07-03 22:56:08,757 [MainThread  ] [INFO ]                    IV        98.63        98.63        98.63           73
2026-07-03 22:56:08,757 [MainThread  ] [INFO ]                    FC        86.60        43.86        58.23          383
2026-07-03 22:56:08,757 [MainThread  ] [INFO ]                    SN         0.00         0.00         0.00           10
2026-07-03 22:56:08,757 [MainThread  ] [INFO ]                   ORG        68.57        60.00        64.00           40
2026-07-03 22:56:08,758 [MainThread  ] [INFO ]                    IN        93.75       100.00        96.77           75
2026-07-03 22:56:08,758 [MainThread  ] [INFO ]                  SNum        95.57        67.71        79.27          223
2026-07-03 22:56:08,758 [MainThread  ] [INFO ]  
2026-07-03 22:56:08,758 [MainThread  ] [INFO ]                 micro        90.74        58.19        70.91          842
2026-07-03 22:56:08,758 [MainThread  ] [INFO ]                 macro        55.39        46.28        49.61          842
2026-07-03 22:56:08,758 [MainThread  ] [INFO ]  
2026-07-03 22:56:08,758 [MainThread  ] [INFO ]  --- NER on Localization ---
2026-07-03 22:56:08,759 [MainThread  ] [INFO ]  
2026-07-03 22:56:09,122 [MainThread  ] [INFO ]                  type    precision       recall     f1-score      support
2026-07-03 22:56:09,122 [MainThread  ] [INFO ]                Entity        91.09        58.31        71.11          842
2026-07-03 22:56:09,123 [MainThread  ] [INFO ]  
2026-07-03 22:56:09,123 [MainThread  ] [INFO ]                 micro        91.09        58.31        71.11          842
2026-07-03 22:56:09,123 [MainThread  ] [INFO ]                 macro        91.09        58.31        71.11          842
2026-07-03 22:56:09,123 [MainThread  ] [INFO ]  
2026-07-03 22:56:09,123 [MainThread  ] [INFO ]  --- NER on Classification ---
2026-07-03 22:56:09,123 [MainThread  ] [INFO ]  
2026-07-03 22:56:09,136 [MainThread  ] [INFO ]                  type    precision       recall     f1-score      support
2026-07-03 22:56:09,137 [MainThread  ] [INFO ]                    FN         0.00         0.00         0.00           35
2026-07-03 22:56:09,138 [MainThread  ] [INFO ]                   PER         0.00         0.00         0.00            3
2026-07-03 22:56:09,140 [MainThread  ] [INFO ]                    IV       100.00        98.63        99.31           73
2026-07-03 22:56:09,145 [MainThread  ] [INFO ]                    FC        99.41        43.86        60.87          383
2026-07-03 22:56:09,147 [MainThread  ] [INFO ]                    SN         0.00         0.00         0.00           10
2026-07-03 22:56:09,149 [MainThread  ] [INFO ]                   ORG        96.00        60.00        73.85           40
2026-07-03 22:56:09,156 [MainThread  ] [INFO ]                    IN       100.00       100.00       100.00           75
2026-07-03 22:56:09,156 [MainThread  ] [INFO ]                  SNum       100.00        67.71        80.75          223
2026-07-03 22:56:09,156 [MainThread  ] [INFO ]  
2026-07-03 22:56:09,157 [MainThread  ] [INFO ]                 micro        99.59        58.19        73.46          842
2026-07-03 22:56:09,157 [MainThread  ] [INFO ]                 macro        61.93        46.28        51.85          842
2026-07-03 22:56:09,173 [MainThread  ] [INFO ]  Evaluate: test
2026-07-03 22:56:14,170 [MainThread  ] [INFO ]  Evaluation
2026-07-03 22:56:14,171 [MainThread  ] [INFO ]  
2026-07-03 22:56:14,171 [MainThread  ] [INFO ]  --- NER ---
2026-07-03 22:56:14,171 [MainThread  ] [INFO ]  
2026-07-03 22:56:14,189 [MainThread  ] [INFO ]                  type    precision       recall     f1-score      support
2026-07-03 22:56:14,189 [MainThread  ] [INFO ]                    FN         0.00         0.00         0.00           37
2026-07-03 22:56:14,189 [MainThread  ] [INFO ]                   PER         0.00         0.00         0.00            1
2026-07-03 22:56:14,189 [MainThread  ] [INFO ]                    IV        97.92        93.38        95.59          151
2026-07-03 22:56:14,189 [MainThread  ] [INFO ]                    FC        83.85        55.33        66.67          197
2026-07-03 22:56:14,189 [MainThread  ] [INFO ]                    SN         0.00         0.00         0.00            6
2026-07-03 22:56:14,189 [MainThread  ] [INFO ]                   ORG        48.28        40.00        43.75           35
2026-07-03 22:56:14,189 [MainThread  ] [INFO ]                    IN        99.33        95.51        97.39          156
2026-07-03 22:56:14,190 [MainThread  ] [INFO ]                  SNum        89.87        59.41        71.54          239
2026-07-03 22:56:14,190 [MainThread  ] [INFO ]  
2026-07-03 22:56:14,190 [MainThread  ] [INFO ]                 micro        90.83        67.52        77.46          822
2026-07-03 22:56:14,190 [MainThread  ] [INFO ]                 macro        52.41        42.95        46.87          822
2026-07-03 22:56:14,190 [MainThread  ] [INFO ]  
2026-07-03 22:56:14,190 [MainThread  ] [INFO ]  --- NER on Localization ---
2026-07-03 22:56:14,190 [MainThread  ] [INFO ]  
2026-07-03 22:56:14,205 [MainThread  ] [INFO ]                  type    precision       recall     f1-score      support
2026-07-03 22:56:14,205 [MainThread  ] [INFO ]                Entity        91.58        67.52        77.73          822
2026-07-03 22:56:14,205 [MainThread  ] [INFO ]  
2026-07-03 22:56:14,205 [MainThread  ] [INFO ]                 micro        91.58        67.52        77.73          822
2026-07-03 22:56:14,205 [MainThread  ] [INFO ]                 macro        91.58        67.52        77.73          822
2026-07-03 22:56:14,205 [MainThread  ] [INFO ]  
2026-07-03 22:56:14,205 [MainThread  ] [INFO ]  --- NER on Classification ---
2026-07-03 22:56:14,205 [MainThread  ] [INFO ]  
2026-07-03 22:56:14,217 [MainThread  ] [INFO ]                  type    precision       recall     f1-score      support
2026-07-03 22:56:14,217 [MainThread  ] [INFO ]                    FN         0.00         0.00         0.00           37
2026-07-03 22:56:14,217 [MainThread  ] [INFO ]                   PER         0.00         0.00         0.00            1
2026-07-03 22:56:14,218 [MainThread  ] [INFO ]                    IV       100.00        93.38        96.58          151
2026-07-03 22:56:14,218 [MainThread  ] [INFO ]                    FC        98.20        55.33        70.78          197
2026-07-03 22:56:14,218 [MainThread  ] [INFO ]                    SN         0.00         0.00         0.00            6
2026-07-03 22:56:14,218 [MainThread  ] [INFO ]                   ORG        93.33        40.00        56.00           35
2026-07-03 22:56:14,218 [MainThread  ] [INFO ]                    IN       100.00        95.51        97.70          156
2026-07-03 22:56:14,218 [MainThread  ] [INFO ]                  SNum       100.00        59.41        74.54          239
2026-07-03 22:56:14,218 [MainThread  ] [INFO ]  
2026-07-03 22:56:14,218 [MainThread  ] [INFO ]                 micro        99.46        67.52        80.43          822
2026-07-03 22:56:14,218 [MainThread  ] [INFO ]                 macro        61.44        42.95        49.45          822
2026-07-03 22:56:14,234 [MainThread  ] [INFO ]  Best F1 score update, from 70.39187227866474 to 70.91172214182345
2026-07-03 22:56:15,127 [MainThread  ] [INFO ]  Best Dev-F1 score: 70.91172214182345, achieved at Epoch: 9, Test-F1: 77.45987438939288
2026-07-03 22:56:15,127 [MainThread  ] [INFO ]  Train epoch: 9
2026-07-03 22:57:56,445 [MainThread  ] [INFO ]  Evaluate: valid
2026-07-03 22:58:01,742 [MainThread  ] [INFO ]  Evaluation
2026-07-03 22:58:01,742 [MainThread  ] [INFO ]  
2026-07-03 22:58:01,742 [MainThread  ] [INFO ]  --- NER ---
2026-07-03 22:58:01,742 [MainThread  ] [INFO ]  
2026-07-03 22:58:01,761 [MainThread  ] [INFO ]                  type    precision       recall     f1-score      support
2026-07-03 22:58:01,761 [MainThread  ] [INFO ]                    FN         0.00         0.00         0.00           35
2026-07-03 22:58:01,761 [MainThread  ] [INFO ]                   PER         0.00         0.00         0.00            3
2026-07-03 22:58:01,761 [MainThread  ] [INFO ]                    IV        98.63        98.63        98.63           73
2026-07-03 22:58:01,761 [MainThread  ] [INFO ]                    FC        86.29        44.39        58.62          383
2026-07-03 22:58:01,762 [MainThread  ] [INFO ]                    SN         0.00         0.00         0.00           10
2026-07-03 22:58:01,762 [MainThread  ] [INFO ]                   ORG        68.57        60.00        64.00           40
2026-07-03 22:58:01,762 [MainThread  ] [INFO ]                    IN        93.75       100.00        96.77           75
2026-07-03 22:58:01,762 [MainThread  ] [INFO ]                  SNum        96.15        67.26        79.16          223
2026-07-03 22:58:01,762 [MainThread  ] [INFO ]  
2026-07-03 22:58:01,762 [MainThread  ] [INFO ]                 micro        90.76        58.31        71.01          842
2026-07-03 22:58:01,762 [MainThread  ] [INFO ]                 macro        55.42        46.29        49.65          842
2026-07-03 22:58:01,762 [MainThread  ] [INFO ]  
2026-07-03 22:58:01,763 [MainThread  ] [INFO ]  --- NER on Localization ---
2026-07-03 22:58:01,763 [MainThread  ] [INFO ]  
2026-07-03 22:58:01,778 [MainThread  ] [INFO ]                  type    precision       recall     f1-score      support
2026-07-03 22:58:01,778 [MainThread  ] [INFO ]                Entity        91.09        58.31        71.11          842
2026-07-03 22:58:01,778 [MainThread  ] [INFO ]  
2026-07-03 22:58:01,778 [MainThread  ] [INFO ]                 micro        91.09        58.31        71.11          842
2026-07-03 22:58:01,778 [MainThread  ] [INFO ]                 macro        91.09        58.31        71.11          842
2026-07-03 22:58:01,778 [MainThread  ] [INFO ]  
2026-07-03 22:58:01,779 [MainThread  ] [INFO ]  --- NER on Classification ---
2026-07-03 22:58:01,779 [MainThread  ] [INFO ]  
2026-07-03 22:58:01,790 [MainThread  ] [INFO ]                  type    precision       recall     f1-score      support
2026-07-03 22:58:01,790 [MainThread  ] [INFO ]                    FN         0.00         0.00         0.00           35
2026-07-03 22:58:01,790 [MainThread  ] [INFO ]                   PER         0.00         0.00         0.00            3
2026-07-03 22:58:01,790 [MainThread  ] [INFO ]                    IV       100.00        98.63        99.31           73
2026-07-03 22:58:01,791 [MainThread  ] [INFO ]                    FC        99.42        44.39        61.37          383
2026-07-03 22:58:01,791 [MainThread  ] [INFO ]                    SN         0.00         0.00         0.00           10
2026-07-03 22:58:01,791 [MainThread  ] [INFO ]                   ORG        96.00        60.00        73.85           40
2026-07-03 22:58:01,791 [MainThread  ] [INFO ]                    IN       100.00       100.00       100.00           75
2026-07-03 22:58:01,791 [MainThread  ] [INFO ]                  SNum       100.00        67.26        80.43          223
2026-07-03 22:58:01,791 [MainThread  ] [INFO ]  
2026-07-03 22:58:01,791 [MainThread  ] [INFO ]                 micro        99.59        58.31        73.56          842
2026-07-03 22:58:01,791 [MainThread  ] [INFO ]                 macro        61.93        46.29        51.87          842
2026-07-03 22:58:01,808 [MainThread  ] [INFO ]  Evaluate: test
2026-07-03 22:58:06,664 [MainThread  ] [INFO ]  Evaluation
2026-07-03 22:58:06,664 [MainThread  ] [INFO ]  
2026-07-03 22:58:06,664 [MainThread  ] [INFO ]  --- NER ---
2026-07-03 22:58:06,664 [MainThread  ] [INFO ]  
2026-07-03 22:58:06,682 [MainThread  ] [INFO ]                  type    precision       recall     f1-score      support
2026-07-03 22:58:06,682 [MainThread  ] [INFO ]                    FN         0.00         0.00         0.00           37
2026-07-03 22:58:06,682 [MainThread  ] [INFO ]                   PER         0.00         0.00         0.00            1
2026-07-03 22:58:06,683 [MainThread  ] [INFO ]                    IV        97.90        92.72        95.24          151
2026-07-03 22:58:06,683 [MainThread  ] [INFO ]                    FC        82.58        55.33        66.26          197
2026-07-03 22:58:06,683 [MainThread  ] [INFO ]                    SN         0.00         0.00         0.00            6
2026-07-03 22:58:06,683 [MainThread  ] [INFO ]                   ORG        52.00        37.14        43.33           35
2026-07-03 22:58:06,683 [MainThread  ] [INFO ]                    IN       100.00        94.87        97.37          156
2026-07-03 22:58:06,683 [MainThread  ] [INFO ]                  SNum        89.44        60.25        72.00          239
2026-07-03 22:58:06,683 [MainThread  ] [INFO ]  
2026-07-03 22:58:06,683 [MainThread  ] [INFO ]                 micro        90.82        67.40        77.37          822
2026-07-03 22:58:06,683 [MainThread  ] [INFO ]                 macro        52.74        42.54        46.78          822
2026-07-03 22:58:06,684 [MainThread  ] [INFO ]  
2026-07-03 22:58:06,684 [MainThread  ] [INFO ]  --- NER on Localization ---
2026-07-03 22:58:06,684 [MainThread  ] [INFO ]  
2026-07-03 22:58:06,698 [MainThread  ] [INFO ]                  type    precision       recall     f1-score      support
2026-07-03 22:58:06,699 [MainThread  ] [INFO ]                Entity        91.42        67.40        77.59          822
2026-07-03 22:58:06,699 [MainThread  ] [INFO ]  
2026-07-03 22:58:06,699 [MainThread  ] [INFO ]                 micro        91.42        67.40        77.59          822
2026-07-03 22:58:06,699 [MainThread  ] [INFO ]                 macro        91.42        67.40        77.59          822
2026-07-03 22:58:06,699 [MainThread  ] [INFO ]  
2026-07-03 22:58:06,699 [MainThread  ] [INFO ]  --- NER on Classification ---
2026-07-03 22:58:06,699 [MainThread  ] [INFO ]  
2026-07-03 22:58:06,711 [MainThread  ] [INFO ]                  type    precision       recall     f1-score      support
2026-07-03 22:58:06,711 [MainThread  ] [INFO ]                    FN         0.00         0.00         0.00           37
2026-07-03 22:58:06,711 [MainThread  ] [INFO ]                   PER         0.00         0.00         0.00            1
2026-07-03 22:58:06,711 [MainThread  ] [INFO ]                    IV       100.00        92.72        96.22          151
2026-07-03 22:58:06,711 [MainThread  ] [INFO ]                    FC        98.20        55.33        70.78          197
2026-07-03 22:58:06,711 [MainThread  ] [INFO ]                    SN         0.00         0.00         0.00            6
2026-07-03 22:58:06,712 [MainThread  ] [INFO ]                   ORG       100.00        37.14        54.17           35
2026-07-03 22:58:06,712 [MainThread  ] [INFO ]                    IN       100.00        94.87        97.37          156
2026-07-03 22:58:06,712 [MainThread  ] [INFO ]                  SNum       100.00        60.25        75.20          239
2026-07-03 22:58:06,712 [MainThread  ] [INFO ]  
2026-07-03 22:58:06,712 [MainThread  ] [INFO ]                 micro        99.64        67.40        80.41          822
2026-07-03 22:58:06,712 [MainThread  ] [INFO ]                 macro        62.27        42.54        49.22          822
2026-07-03 22:58:06,728 [MainThread  ] [INFO ]  Best F1 score update, from 70.91172214182345 to 71.00506146059291
2026-07-03 22:58:07,559 [MainThread  ] [INFO ]  Best Dev-F1 score: 71.00506146059291, achieved at Epoch: 10, Test-F1: 77.37430167597765
2026-07-03 22:58:07,560 [MainThread  ] [INFO ]  Train epoch: 10
2026-07-03 22:58:07,845 [MainThread  ] [INFO ]  Now, update bert weights @ epoch = 10
2026-07-03 23:00:32,638 [MainThread  ] [INFO ]  Evaluate: valid
2026-07-03 23:00:37,969 [MainThread  ] [INFO ]  Evaluation
2026-07-03 23:00:37,969 [MainThread  ] [INFO ]  
2026-07-03 23:00:37,969 [MainThread  ] [INFO ]  --- NER ---
2026-07-03 23:00:37,969 [MainThread  ] [INFO ]  
2026-07-03 23:00:37,988 [MainThread  ] [INFO ]                  type    precision       recall     f1-score      support
2026-07-03 23:00:37,989 [MainThread  ] [INFO ]                    FN         0.00         0.00         0.00           35
2026-07-03 23:00:37,989 [MainThread  ] [INFO ]                   PER         0.00         0.00         0.00            3
2026-07-03 23:00:37,989 [MainThread  ] [INFO ]                    IV        98.61        97.26        97.93           73
2026-07-03 23:00:37,989 [MainThread  ] [INFO ]                    FC        89.39        46.21        60.93          383
2026-07-03 23:00:37,989 [MainThread  ] [INFO ]                    SN         0.00         0.00         0.00           10
2026-07-03 23:00:37,989 [MainThread  ] [INFO ]                   ORG        61.54        60.00        60.76           40
2026-07-03 23:00:37,989 [MainThread  ] [INFO ]                    IN        96.10        98.67        97.37           75
2026-07-03 23:00:37,989 [MainThread  ] [INFO ]                  SNum        96.08        65.92        78.19          223
2026-07-03 23:00:37,989 [MainThread  ] [INFO ]  
2026-07-03 23:00:37,990 [MainThread  ] [INFO ]                 micro        91.47        58.55        71.40          842
2026-07-03 23:00:37,990 [MainThread  ] [INFO ]                 macro        55.22        46.01        49.40          842
2026-07-03 23:00:37,990 [MainThread  ] [INFO ]  
2026-07-03 23:00:37,990 [MainThread  ] [INFO ]  --- NER on Localization ---
2026-07-03 23:00:37,990 [MainThread  ] [INFO ]  
2026-07-03 23:00:38,005 [MainThread  ] [INFO ]                  type    precision       recall     f1-score      support
2026-07-03 23:00:38,005 [MainThread  ] [INFO ]                Entity        92.01        58.79        71.74          842
2026-07-03 23:00:38,006 [MainThread  ] [INFO ]  
2026-07-03 23:00:38,006 [MainThread  ] [INFO ]                 micro        92.01        58.79        71.74          842
2026-07-03 23:00:38,006 [MainThread  ] [INFO ]                 macro        92.01        58.79        71.74          842
2026-07-03 23:00:38,006 [MainThread  ] [INFO ]  
2026-07-03 23:00:38,006 [MainThread  ] [INFO ]  --- NER on Classification ---
2026-07-03 23:00:38,006 [MainThread  ] [INFO ]  
2026-07-03 23:00:38,018 [MainThread  ] [INFO ]                  type    precision       recall     f1-score      support
2026-07-03 23:00:38,018 [MainThread  ] [INFO ]                    FN         0.00         0.00         0.00           35
2026-07-03 23:00:38,018 [MainThread  ] [INFO ]                   PER         0.00         0.00         0.00            3
2026-07-03 23:00:38,018 [MainThread  ] [INFO ]                    IV       100.00        97.26        98.61           73
2026-07-03 23:00:38,018 [MainThread  ] [INFO ]                    FC        98.88        46.21        62.99          383
2026-07-03 23:00:38,018 [MainThread  ] [INFO ]                    SN         0.00         0.00         0.00           10
2026-07-03 23:00:38,019 [MainThread  ] [INFO ]                   ORG       100.00        60.00        75.00           40
2026-07-03 23:00:38,019 [MainThread  ] [INFO ]                    IN       100.00        98.67        99.33           75
2026-07-03 23:00:38,019 [MainThread  ] [INFO ]                  SNum        99.32        65.92        79.25          223
2026-07-03 23:00:38,019 [MainThread  ] [INFO ]  
2026-07-03 23:00:38,019 [MainThread  ] [INFO ]                 micro        99.40        58.55        73.69          842
2026-07-03 23:00:38,019 [MainThread  ] [INFO ]                 macro        62.28        46.01        51.90          842
2026-07-03 23:00:38,037 [MainThread  ] [INFO ]  Evaluate: test
2026-07-03 23:00:43,205 [MainThread  ] [INFO ]  Evaluation
2026-07-03 23:00:43,205 [MainThread  ] [INFO ]  
2026-07-03 23:00:43,205 [MainThread  ] [INFO ]  --- NER ---
2026-07-03 23:00:43,205 [MainThread  ] [INFO ]  
2026-07-03 23:00:43,222 [MainThread  ] [INFO ]                  type    precision       recall     f1-score      support
2026-07-03 23:00:43,223 [MainThread  ] [INFO ]                    FN         0.00         0.00         0.00           37
2026-07-03 23:00:43,223 [MainThread  ] [INFO ]                   PER         0.00         0.00         0.00            1
2026-07-03 23:00:43,223 [MainThread  ] [INFO ]                    IV        97.95        94.70        96.30          151
2026-07-03 23:00:43,223 [MainThread  ] [INFO ]                    FC        88.15        60.41        71.69          197
2026-07-03 23:00:43,223 [MainThread  ] [INFO ]                    SN         0.00         0.00         0.00            6
2026-07-03 23:00:43,223 [MainThread  ] [INFO ]                   ORG        40.74        31.43        35.48           35
2026-07-03 23:00:43,223 [MainThread  ] [INFO ]                    IN        97.39        95.51        96.44          156
2026-07-03 23:00:43,223 [MainThread  ] [INFO ]                  SNum        89.17        58.58        70.71          239
2026-07-03 23:00:43,224 [MainThread  ] [INFO ]  
2026-07-03 23:00:43,224 [MainThread  ] [INFO ]                 micro        90.94        68.37        78.06          822
2026-07-03 23:00:43,224 [MainThread  ] [INFO ]                 macro        51.67        42.58        46.33          822
2026-07-03 23:00:43,224 [MainThread  ] [INFO ]  
2026-07-03 23:00:43,224 [MainThread  ] [INFO ]  --- NER on Localization ---
2026-07-03 23:00:43,224 [MainThread  ] [INFO ]  
2026-07-03 23:00:43,239 [MainThread  ] [INFO ]                  type    precision       recall     f1-score      support
2026-07-03 23:00:43,239 [MainThread  ] [INFO ]                Entity        91.40        68.49        78.30          822
2026-07-03 23:00:43,239 [MainThread  ] [INFO ]  
2026-07-03 23:00:43,239 [MainThread  ] [INFO ]                 micro        91.40        68.49        78.30          822
2026-07-03 23:00:43,240 [MainThread  ] [INFO ]                 macro        91.40        68.49        78.30          822
2026-07-03 23:00:43,240 [MainThread  ] [INFO ]  
2026-07-03 23:00:43,240 [MainThread  ] [INFO ]  --- NER on Classification ---
2026-07-03 23:00:43,240 [MainThread  ] [INFO ]  
2026-07-03 23:00:43,251 [MainThread  ] [INFO ]                  type    precision       recall     f1-score      support
2026-07-03 23:00:43,251 [MainThread  ] [INFO ]                    FN         0.00         0.00         0.00           37
2026-07-03 23:00:43,251 [MainThread  ] [INFO ]                   PER         0.00         0.00         0.00            1
2026-07-03 23:00:43,251 [MainThread  ] [INFO ]                    IV        99.31        94.70        96.95          151
2026-07-03 23:00:43,252 [MainThread  ] [INFO ]                    FC       100.00        60.41        75.32          197
2026-07-03 23:00:43,252 [MainThread  ] [INFO ]                    SN         0.00         0.00         0.00            6
2026-07-03 23:00:43,252 [MainThread  ] [INFO ]                   ORG       100.00        31.43        47.83           35
2026-07-03 23:00:43,252 [MainThread  ] [INFO ]                    IN        99.33        95.51        97.39          156
2026-07-03 23:00:43,252 [MainThread  ] [INFO ]                  SNum       100.00        58.58        73.88          239
2026-07-03 23:00:43,252 [MainThread  ] [INFO ]  
2026-07-03 23:00:43,252 [MainThread  ] [INFO ]                 micro        99.65        68.37        81.10          822
2026-07-03 23:00:43,252 [MainThread  ] [INFO ]                 macro        62.33        42.58        48.92          822
2026-07-03 23:00:43,271 [MainThread  ] [INFO ]  Best F1 score update, from 71.00506146059291 to 71.39753801593048
2026-07-03 23:00:44,138 [MainThread  ] [INFO ]  Best Dev-F1 score: 71.39753801593048, achieved at Epoch: 11, Test-F1: 78.05555555555556
2026-07-03 23:00:44,138 [MainThread  ] [INFO ]  Train epoch: 11
2026-07-03 23:03:07,994 [MainThread  ] [INFO ]  Evaluate: valid
2026-07-03 23:03:13,913 [MainThread  ] [INFO ]  Evaluation
2026-07-03 23:03:13,914 [MainThread  ] [INFO ]  
2026-07-03 23:03:13,914 [MainThread  ] [INFO ]  --- NER ---
2026-07-03 23:03:13,914 [MainThread  ] [INFO ]  
2026-07-03 23:03:13,937 [MainThread  ] [INFO ]                  type    precision       recall     f1-score      support
2026-07-03 23:03:13,937 [MainThread  ] [INFO ]                    FN         0.00         0.00         0.00           35
2026-07-03 23:03:13,937 [MainThread  ] [INFO ]                   PER         0.00         0.00         0.00            3
2026-07-03 23:03:13,938 [MainThread  ] [INFO ]                    IV        98.61        97.26        97.93           73
2026-07-03 23:03:13,938 [MainThread  ] [INFO ]                    FC        86.48        55.09        67.30          383
2026-07-03 23:03:13,938 [MainThread  ] [INFO ]                    SN         0.00         0.00         0.00           10
2026-07-03 23:03:13,938 [MainThread  ] [INFO ]                   ORG        69.44        62.50        65.79           40
2026-07-03 23:03:13,938 [MainThread  ] [INFO ]                    IN        96.15       100.00        98.04           75
2026-07-03 23:03:13,938 [MainThread  ] [INFO ]                  SNum        95.65        69.06        80.21          223
2026-07-03 23:03:13,938 [MainThread  ] [INFO ]  
2026-07-03 23:03:13,938 [MainThread  ] [INFO ]                 micro        90.69        63.66        74.81          842
2026-07-03 23:03:13,938 [MainThread  ] [INFO ]                 macro        55.79        47.99        51.16          842
2026-07-03 23:03:13,939 [MainThread  ] [INFO ]  
2026-07-03 23:03:13,939 [MainThread  ] [INFO ]  --- NER on Localization ---
2026-07-03 23:03:13,939 [MainThread  ] [INFO ]  
2026-07-03 23:03:13,956 [MainThread  ] [INFO ]                  type    precision       recall     f1-score      support
2026-07-03 23:03:13,956 [MainThread  ] [INFO ]                Entity        92.54        64.85        76.26          842
2026-07-03 23:03:13,956 [MainThread  ] [INFO ]  
2026-07-03 23:03:13,956 [MainThread  ] [INFO ]                 micro        92.54        64.85        76.26          842
2026-07-03 23:03:13,956 [MainThread  ] [INFO ]                 macro        92.54        64.85        76.26          842
2026-07-03 23:03:13,957 [MainThread  ] [INFO ]  
2026-07-03 23:03:13,957 [MainThread  ] [INFO ]  --- NER on Classification ---
2026-07-03 23:03:13,957 [MainThread  ] [INFO ]  
2026-07-03 23:03:13,969 [MainThread  ] [INFO ]                  type    precision       recall     f1-score      support
2026-07-03 23:03:13,969 [MainThread  ] [INFO ]                    FN         0.00         0.00         0.00           35
2026-07-03 23:03:13,969 [MainThread  ] [INFO ]                   PER         0.00         0.00         0.00            3
2026-07-03 23:03:13,969 [MainThread  ] [INFO ]                    IV       100.00        97.26        98.61           73
2026-07-03 23:03:13,969 [MainThread  ] [INFO ]                    FC        95.48        55.09        69.87          383
2026-07-03 23:03:13,969 [MainThread  ] [INFO ]                    SN         0.00         0.00         0.00           10
2026-07-03 23:03:13,970 [MainThread  ] [INFO ]                   ORG       100.00        62.50        76.92           40
2026-07-03 23:03:13,970 [MainThread  ] [INFO ]                    IN       100.00       100.00       100.00           75
2026-07-03 23:03:13,970 [MainThread  ] [INFO ]                  SNum        99.35        69.06        81.48          223
2026-07-03 23:03:13,970 [MainThread  ] [INFO ]  
2026-07-03 23:03:13,970 [MainThread  ] [INFO ]                 micro        97.99        63.66        77.18          842
2026-07-03 23:03:13,970 [MainThread  ] [INFO ]                 macro        61.85        47.99        53.36          842
2026-07-03 23:03:13,988 [MainThread  ] [INFO ]  Evaluate: test
2026-07-03 23:03:19,042 [MainThread  ] [INFO ]  Evaluation
2026-07-03 23:03:19,042 [MainThread  ] [INFO ]  
2026-07-03 23:03:19,042 [MainThread  ] [INFO ]  --- NER ---
2026-07-03 23:03:19,042 [MainThread  ] [INFO ]  
2026-07-03 23:03:19,063 [MainThread  ] [INFO ]                  type    precision       recall     f1-score      support
2026-07-03 23:03:19,064 [MainThread  ] [INFO ]                    FN         0.00         0.00         0.00           37
2026-07-03 23:03:19,064 [MainThread  ] [INFO ]                   PER         0.00         0.00         0.00            1
2026-07-03 23:03:19,064 [MainThread  ] [INFO ]                    IV        97.96        95.36        96.64          151
2026-07-03 23:03:19,064 [MainThread  ] [INFO ]                    FC        84.91        68.53        75.84          197
2026-07-03 23:03:19,064 [MainThread  ] [INFO ]                    SN         0.00         0.00         0.00            6
2026-07-03 23:03:19,064 [MainThread  ] [INFO ]                   ORG        57.69        42.86        49.18           35
2026-07-03 23:03:19,064 [MainThread  ] [INFO ]                    IN        96.10        94.87        95.48          156
2026-07-03 23:03:19,065 [MainThread  ] [INFO ]                  SNum        91.30        61.51        73.50          239
2026-07-03 23:03:19,065 [MainThread  ] [INFO ]  
2026-07-03 23:03:19,065 [MainThread  ] [INFO ]                 micro        91.04        71.65        80.19          822
2026-07-03 23:03:19,065 [MainThread  ] [INFO ]                 macro        53.50        45.39        48.83          822
2026-07-03 23:03:19,065 [MainThread  ] [INFO ]  
2026-07-03 23:03:19,065 [MainThread  ] [INFO ]  --- NER on Localization ---
2026-07-03 23:03:19,065 [MainThread  ] [INFO ]  
2026-07-03 23:03:19,081 [MainThread  ] [INFO ]                  type    precision       recall     f1-score      support
2026-07-03 23:03:19,081 [MainThread  ] [INFO ]                Entity        91.93        72.02        80.76          822
2026-07-03 23:03:19,082 [MainThread  ] [INFO ]  
2026-07-03 23:03:19,082 [MainThread  ] [INFO ]                 micro        91.93        72.02        80.76          822
2026-07-03 23:03:19,082 [MainThread  ] [INFO ]                 macro        91.93        72.02        80.76          822
2026-07-03 23:03:19,082 [MainThread  ] [INFO ]  
2026-07-03 23:03:19,082 [MainThread  ] [INFO ]  --- NER on Classification ---
2026-07-03 23:03:19,082 [MainThread  ] [INFO ]  
2026-07-03 23:03:19,094 [MainThread  ] [INFO ]                  type    precision       recall     f1-score      support
2026-07-03 23:03:19,094 [MainThread  ] [INFO ]                    FN         0.00         0.00         0.00           37
2026-07-03 23:03:19,094 [MainThread  ] [INFO ]                   PER         0.00         0.00         0.00            1
2026-07-03 23:03:19,094 [MainThread  ] [INFO ]                    IV        99.31        95.36        97.30          151
2026-07-03 23:03:19,095 [MainThread  ] [INFO ]                    FC        99.26        68.53        81.08          197
2026-07-03 23:03:19,095 [MainThread  ] [INFO ]                    SN         0.00         0.00         0.00            6
2026-07-03 23:03:19,095 [MainThread  ] [INFO ]                   ORG       100.00        42.86        60.00           35
2026-07-03 23:03:19,095 [MainThread  ] [INFO ]                    IN        98.67        94.87        96.73          156
2026-07-03 23:03:19,095 [MainThread  ] [INFO ]                  SNum       100.00        61.51        76.17          239
2026-07-03 23:03:19,095 [MainThread  ] [INFO ]  
2026-07-03 23:03:19,095 [MainThread  ] [INFO ]                 micro        99.33        71.65        83.25          822
2026-07-03 23:03:19,095 [MainThread  ] [INFO ]                 macro        62.16        45.39        51.41          822
2026-07-03 23:03:19,113 [MainThread  ] [INFO ]  Best F1 score update, from 71.39753801593048 to 74.80809490579203
2026-07-03 23:03:20,066 [MainThread  ] [INFO ]  Best Dev-F1 score: 74.80809490579203, achieved at Epoch: 12, Test-F1: 80.19060585432267
2026-07-03 23:03:20,066 [MainThread  ] [INFO ]  Train epoch: 12
2026-07-03 23:05:44,951 [MainThread  ] [INFO ]  Evaluate: valid
2026-07-03 23:05:50,524 [MainThread  ] [INFO ]  Evaluation
2026-07-03 23:05:50,524 [MainThread  ] [INFO ]  
2026-07-03 23:05:50,524 [MainThread  ] [INFO ]  --- NER ---
2026-07-03 23:05:50,524 [MainThread  ] [INFO ]  
2026-07-03 23:05:50,546 [MainThread  ] [INFO ]                  type    precision       recall     f1-score      support
2026-07-03 23:05:50,547 [MainThread  ] [INFO ]                    FN         0.00         0.00         0.00           35
2026-07-03 23:05:50,547 [MainThread  ] [INFO ]                   PER         0.00         0.00         0.00            3
2026-07-03 23:05:50,547 [MainThread  ] [INFO ]                    IV       100.00        97.26        98.61           73
2026-07-03 23:05:50,547 [MainThread  ] [INFO ]                    FC        87.79        60.05        71.32          383
2026-07-03 23:05:50,547 [MainThread  ] [INFO ]                    SN         0.00         0.00         0.00           10
2026-07-03 23:05:50,547 [MainThread  ] [INFO ]                   ORG        78.79        65.00        71.23           40
2026-07-03 23:05:50,547 [MainThread  ] [INFO ]                    IN        96.15       100.00        98.04           75
2026-07-03 23:05:50,547 [MainThread  ] [INFO ]                  SNum        95.06        69.06        80.00          223
2026-07-03 23:05:50,547 [MainThread  ] [INFO ]  
2026-07-03 23:05:50,547 [MainThread  ] [INFO ]                 micro        91.75        66.03        76.80          842
2026-07-03 23:05:50,548 [MainThread  ] [INFO ]                 macro        57.22        48.92        52.40          842
2026-07-03 23:05:50,548 [MainThread  ] [INFO ]  
2026-07-03 23:05:50,548 [MainThread  ] [INFO ]  --- NER on Localization ---
2026-07-03 23:05:50,548 [MainThread  ] [INFO ]  
2026-07-03 23:05:50,565 [MainThread  ] [INFO ]                  type    precision       recall     f1-score      support
2026-07-03 23:05:50,565 [MainThread  ] [INFO ]                Entity        94.19        67.34        78.53          842
2026-07-03 23:05:50,565 [MainThread  ] [INFO ]  
2026-07-03 23:05:50,565 [MainThread  ] [INFO ]                 micro        94.19        67.34        78.53          842
2026-07-03 23:05:50,566 [MainThread  ] [INFO ]                 macro        94.19        67.34        78.53          842
2026-07-03 23:05:50,566 [MainThread  ] [INFO ]  
2026-07-03 23:05:50,566 [MainThread  ] [INFO ]  --- NER on Classification ---
2026-07-03 23:05:50,566 [MainThread  ] [INFO ]  
2026-07-03 23:05:50,578 [MainThread  ] [INFO ]                  type    precision       recall     f1-score      support
2026-07-03 23:05:50,578 [MainThread  ] [INFO ]                    FN         0.00         0.00         0.00           35
2026-07-03 23:05:50,578 [MainThread  ] [INFO ]                   PER         0.00         0.00         0.00            3
2026-07-03 23:05:50,579 [MainThread  ] [INFO ]                    IV       100.00        97.26        98.61           73
2026-07-03 23:05:50,579 [MainThread  ] [INFO ]                    FC        94.65        60.05        73.48          383
2026-07-03 23:05:50,579 [MainThread  ] [INFO ]                    SN         0.00         0.00         0.00           10
2026-07-03 23:05:50,579 [MainThread  ] [INFO ]                   ORG       100.00        65.00        78.79           40
2026-07-03 23:05:50,579 [MainThread  ] [INFO ]                    IN       100.00       100.00       100.00           75
2026-07-03 23:05:50,579 [MainThread  ] [INFO ]                  SNum        99.35        69.06        81.48          223
2026-07-03 23:05:50,579 [MainThread  ] [INFO ]  
2026-07-03 23:05:50,579 [MainThread  ] [INFO ]                 micro        97.54        66.03        78.75          842
2026-07-03 23:05:50,579 [MainThread  ] [INFO ]                 macro        61.75        48.92        54.05          842
2026-07-03 23:05:50,598 [MainThread  ] [INFO ]  Evaluate: test
2026-07-03 23:05:56,150 [MainThread  ] [INFO ]  Evaluation
2026-07-03 23:05:56,150 [MainThread  ] [INFO ]  
2026-07-03 23:05:56,150 [MainThread  ] [INFO ]  --- NER ---
2026-07-03 23:05:56,150 [MainThread  ] [INFO ]  
2026-07-03 23:05:56,168 [MainThread  ] [INFO ]                  type    precision       recall     f1-score      support
2026-07-03 23:05:56,168 [MainThread  ] [INFO ]                    FN         0.00         0.00         0.00           37
2026-07-03 23:05:56,169 [MainThread  ] [INFO ]                   PER         0.00         0.00         0.00            1
2026-07-03 23:05:56,169 [MainThread  ] [INFO ]                    IV        97.97        96.03        96.99          151
2026-07-03 23:05:56,169 [MainThread  ] [INFO ]                    FC        86.25        70.05        77.31          197
2026-07-03 23:05:56,169 [MainThread  ] [INFO ]                    SN         0.00         0.00         0.00            6
2026-07-03 23:05:56,169 [MainThread  ] [INFO ]                   ORG        60.87        40.00        48.28           35
2026-07-03 23:05:56,169 [MainThread  ] [INFO ]                    IN       100.00        94.87        97.37          156
2026-07-03 23:05:56,169 [MainThread  ] [INFO ]                  SNum        96.23        64.02        76.88          239
2026-07-03 23:05:56,169 [MainThread  ] [INFO ]  
2026-07-03 23:05:56,169 [MainThread  ] [INFO ]                 micro        93.73        72.75        81.92          822
2026-07-03 23:05:56,170 [MainThread  ] [INFO ]                 macro        55.16        45.62        49.60          822
2026-07-03 23:05:56,170 [MainThread  ] [INFO ]  
2026-07-03 23:05:56,170 [MainThread  ] [INFO ]  --- NER on Localization ---
2026-07-03 23:05:56,170 [MainThread  ] [INFO ]  
2026-07-03 23:05:56,185 [MainThread  ] [INFO ]                  type    precision       recall     f1-score      support
2026-07-03 23:05:56,185 [MainThread  ] [INFO ]                Entity        94.33        72.87        82.22          822
2026-07-03 23:05:56,185 [MainThread  ] [INFO ]  
2026-07-03 23:05:56,186 [MainThread  ] [INFO ]                 micro        94.33        72.87        82.22          822
2026-07-03 23:05:56,186 [MainThread  ] [INFO ]                 macro        94.33        72.87        82.22          822
2026-07-03 23:05:56,186 [MainThread  ] [INFO ]  
2026-07-03 23:05:56,186 [MainThread  ] [INFO ]  --- NER on Classification ---
2026-07-03 23:05:56,186 [MainThread  ] [INFO ]  
2026-07-03 23:05:56,198 [MainThread  ] [INFO ]                  type    precision       recall     f1-score      support
2026-07-03 23:05:56,198 [MainThread  ] [INFO ]                    FN         0.00         0.00         0.00           37
2026-07-03 23:05:56,198 [MainThread  ] [INFO ]                   PER         0.00         0.00         0.00            1
2026-07-03 23:05:56,198 [MainThread  ] [INFO ]                    IV        99.32        96.03        97.64          151
2026-07-03 23:05:56,199 [MainThread  ] [INFO ]                    FC        98.57        70.05        81.90          197
2026-07-03 23:05:56,199 [MainThread  ] [INFO ]                    SN         0.00         0.00         0.00            6
2026-07-03 23:05:56,199 [MainThread  ] [INFO ]                   ORG       100.00        40.00        57.14           35
2026-07-03 23:05:56,199 [MainThread  ] [INFO ]                    IN       100.00        94.87        97.37          156
2026-07-03 23:05:56,199 [MainThread  ] [INFO ]                  SNum       100.00        64.02        78.06          239
2026-07-03 23:05:56,199 [MainThread  ] [INFO ]  
2026-07-03 23:05:56,199 [MainThread  ] [INFO ]                 micro        99.50        72.75        84.05          822
2026-07-03 23:05:56,199 [MainThread  ] [INFO ]                 macro        62.24        45.62        51.51          822
2026-07-03 23:05:56,216 [MainThread  ] [INFO ]  Best F1 score update, from 74.80809490579203 to 76.79558011049723
2026-07-03 23:05:57,018 [MainThread  ] [INFO ]  Best Dev-F1 score: 76.79558011049723, achieved at Epoch: 13, Test-F1: 81.91780821917808
2026-07-03 23:05:57,018 [MainThread  ] [INFO ]  Train epoch: 13
2026-07-03 23:08:21,355 [MainThread  ] [INFO ]  Evaluate: valid
2026-07-03 23:08:27,538 [MainThread  ] [INFO ]  Evaluation
2026-07-03 23:08:27,538 [MainThread  ] [INFO ]  
2026-07-03 23:08:27,538 [MainThread  ] [INFO ]  --- NER ---
2026-07-03 23:08:27,538 [MainThread  ] [INFO ]  
2026-07-03 23:08:27,561 [MainThread  ] [INFO ]                  type    precision       recall     f1-score      support
2026-07-03 23:08:27,562 [MainThread  ] [INFO ]                    FN         0.00         0.00         0.00           35
2026-07-03 23:08:27,562 [MainThread  ] [INFO ]                   PER         0.00         0.00         0.00            3
2026-07-03 23:08:27,562 [MainThread  ] [INFO ]                    IV        98.61        97.26        97.93           73
2026-07-03 23:08:27,562 [MainThread  ] [INFO ]                    FC        88.54        66.58        76.01          383
2026-07-03 23:08:27,562 [MainThread  ] [INFO ]                    SN       100.00        10.00        18.18           10
2026-07-03 23:08:27,562 [MainThread  ] [INFO ]                   ORG        77.78        70.00        73.68           40
2026-07-03 23:08:27,562 [MainThread  ] [INFO ]                    IN        97.40       100.00        98.68           75
2026-07-03 23:08:27,562 [MainThread  ] [INFO ]                  SNum        95.21        71.30        81.54          223
2026-07-03 23:08:27,562 [MainThread  ] [INFO ]  
2026-07-03 23:08:27,563 [MainThread  ] [INFO ]                 micro        91.89        69.95        79.43          842
2026-07-03 23:08:27,563 [MainThread  ] [INFO ]                 macro        69.69        51.89        55.75          842
2026-07-03 23:08:27,563 [MainThread  ] [INFO ]  
2026-07-03 23:08:27,563 [MainThread  ] [INFO ]  --- NER on Localization ---
2026-07-03 23:08:27,563 [MainThread  ] [INFO ]  
2026-07-03 23:08:27,581 [MainThread  ] [INFO ]                  type    precision       recall     f1-score      support
2026-07-03 23:08:27,581 [MainThread  ] [INFO ]                Entity        94.50        71.38        81.33          842
2026-07-03 23:08:27,581 [MainThread  ] [INFO ]  
2026-07-03 23:08:27,581 [MainThread  ] [INFO ]                 micro        94.50        71.38        81.33          842
2026-07-03 23:08:27,581 [MainThread  ] [INFO ]                 macro        94.50        71.38        81.33          842
2026-07-03 23:08:27,581 [MainThread  ] [INFO ]  
2026-07-03 23:08:27,581 [MainThread  ] [INFO ]  --- NER on Classification ---
2026-07-03 23:08:27,581 [MainThread  ] [INFO ]  
2026-07-03 23:08:27,594 [MainThread  ] [INFO ]                  type    precision       recall     f1-score      support
2026-07-03 23:08:27,594 [MainThread  ] [INFO ]                    FN         0.00         0.00         0.00           35
2026-07-03 23:08:27,594 [MainThread  ] [INFO ]                   PER         0.00         0.00         0.00            3
2026-07-03 23:08:27,594 [MainThread  ] [INFO ]                    IV       100.00        97.26        98.61           73
2026-07-03 23:08:27,594 [MainThread  ] [INFO ]                    FC        95.15        66.58        78.34          383
2026-07-03 23:08:27,594 [MainThread  ] [INFO ]                    SN       100.00        10.00        18.18           10
2026-07-03 23:08:27,594 [MainThread  ] [INFO ]                   ORG       100.00        70.00        82.35           40
2026-07-03 23:08:27,595 [MainThread  ] [INFO ]                    IN        98.68       100.00        99.34           75
2026-07-03 23:08:27,595 [MainThread  ] [INFO ]                  SNum        98.76        71.30        82.81          223
2026-07-03 23:08:27,595 [MainThread  ] [INFO ]  
2026-07-03 23:08:27,595 [MainThread  ] [INFO ]                 micro        97.36        69.95        81.41          842
2026-07-03 23:08:27,595 [MainThread  ] [INFO ]                 macro        74.07        51.89        57.45          842
2026-07-03 23:08:27,613 [MainThread  ] [INFO ]  Evaluate: test
2026-07-03 23:08:32,663 [MainThread  ] [INFO ]  Evaluation
2026-07-03 23:08:32,663 [MainThread  ] [INFO ]  
2026-07-03 23:08:32,663 [MainThread  ] [INFO ]  --- NER ---
2026-07-03 23:08:32,663 [MainThread  ] [INFO ]  
2026-07-03 23:08:32,682 [MainThread  ] [INFO ]                  type    precision       recall     f1-score      support
2026-07-03 23:08:32,682 [MainThread  ] [INFO ]                    FN         0.00         0.00         0.00           37
2026-07-03 23:08:32,682 [MainThread  ] [INFO ]                   PER         0.00         0.00         0.00            1
2026-07-03 23:08:32,682 [MainThread  ] [INFO ]                    IV        97.99        96.69        97.33          151
2026-07-03 23:08:32,683 [MainThread  ] [INFO ]                    FC        88.17        75.63        81.42          197
2026-07-03 23:08:32,683 [MainThread  ] [INFO ]                    SN         0.00         0.00         0.00            6
2026-07-03 23:08:32,683 [MainThread  ] [INFO ]                   ORG        64.71        62.86        63.77           35
2026-07-03 23:08:32,683 [MainThread  ] [INFO ]                    IN        98.01        94.87        96.42          156
2026-07-03 23:08:32,683 [MainThread  ] [INFO ]                  SNum        91.38        66.53        77.00          239
2026-07-03 23:08:32,683 [MainThread  ] [INFO ]  
2026-07-03 23:08:32,683 [MainThread  ] [INFO ]                 micro        92.04        75.91        83.20          822
2026-07-03 23:08:32,683 [MainThread  ] [INFO ]                 macro        55.03        49.57        51.99          822
2026-07-03 23:08:32,683 [MainThread  ] [INFO ]  
2026-07-03 23:08:32,684 [MainThread  ] [INFO ]  --- NER on Localization ---
2026-07-03 23:08:32,684 [MainThread  ] [INFO ]  
2026-07-03 23:08:32,700 [MainThread  ] [INFO ]                  type    precision       recall     f1-score      support
2026-07-03 23:08:32,701 [MainThread  ] [INFO ]                Entity        93.43        76.16        83.91          822
2026-07-03 23:08:32,701 [MainThread  ] [INFO ]  
2026-07-03 23:08:32,701 [MainThread  ] [INFO ]                 micro        93.43        76.16        83.91          822
2026-07-03 23:08:32,701 [MainThread  ] [INFO ]                 macro        93.43        76.16        83.91          822
2026-07-03 23:08:32,701 [MainThread  ] [INFO ]  
2026-07-03 23:08:32,701 [MainThread  ] [INFO ]  --- NER on Classification ---
2026-07-03 23:08:32,701 [MainThread  ] [INFO ]  
2026-07-03 23:08:32,713 [MainThread  ] [INFO ]                  type    precision       recall     f1-score      support
2026-07-03 23:08:32,713 [MainThread  ] [INFO ]                    FN         0.00         0.00         0.00           37
2026-07-03 23:08:32,714 [MainThread  ] [INFO ]                   PER         0.00         0.00         0.00            1
2026-07-03 23:08:32,714 [MainThread  ] [INFO ]                    IV        99.32        96.69        97.99          151
2026-07-03 23:08:32,714 [MainThread  ] [INFO ]                    FC        98.68        75.63        85.63          197
2026-07-03 23:08:32,714 [MainThread  ] [INFO ]                    SN         0.00         0.00         0.00            6
2026-07-03 23:08:32,714 [MainThread  ] [INFO ]                   ORG        91.67        62.86        74.58           35
2026-07-03 23:08:32,714 [MainThread  ] [INFO ]                    IN        99.33        94.87        97.05          156
2026-07-03 23:08:32,714 [MainThread  ] [INFO ]                  SNum       100.00        66.53        79.90          239
2026-07-03 23:08:32,714 [MainThread  ] [INFO ]  
2026-07-03 23:08:32,714 [MainThread  ] [INFO ]                 micro        98.89        75.91        85.89          822
2026-07-03 23:08:32,715 [MainThread  ] [INFO ]                 macro        61.12        49.57        54.39          822
2026-07-03 23:08:32,731 [MainThread  ] [INFO ]  Best F1 score update, from 76.79558011049723 to 79.4335805799056
2026-07-03 23:08:33,629 [MainThread  ] [INFO ]  Best Dev-F1 score: 79.4335805799056, achieved at Epoch: 14, Test-F1: 83.2
2026-07-03 23:08:33,630 [MainThread  ] [INFO ]  Train epoch: 14
2026-07-03 23:11:02,716 [MainThread  ] [INFO ]  Evaluate: valid
2026-07-03 23:11:08,417 [MainThread  ] [INFO ]  Evaluation
2026-07-03 23:11:08,417 [MainThread  ] [INFO ]  
2026-07-03 23:11:08,417 [MainThread  ] [INFO ]  --- NER ---
2026-07-03 23:11:08,417 [MainThread  ] [INFO ]  
2026-07-03 23:11:08,438 [MainThread  ] [INFO ]                  type    precision       recall     f1-score      support
2026-07-03 23:11:08,438 [MainThread  ] [INFO ]                    FN         0.00         0.00         0.00           35
2026-07-03 23:11:08,438 [MainThread  ] [INFO ]                   PER         0.00         0.00         0.00            3
2026-07-03 23:11:08,438 [MainThread  ] [INFO ]                    IV       100.00        98.63        99.31           73
2026-07-03 23:11:08,438 [MainThread  ] [INFO ]                    FC        86.98        71.54        78.51          383
2026-07-03 23:11:08,438 [MainThread  ] [INFO ]                    SN       100.00        10.00        18.18           10
2026-07-03 23:11:08,439 [MainThread  ] [INFO ]                   ORG        87.50        70.00        77.78           40
2026-07-03 23:11:08,439 [MainThread  ] [INFO ]                    IN        93.75       100.00        96.77           75
2026-07-03 23:11:08,439 [MainThread  ] [INFO ]                  SNum        92.97        77.13        84.31          223
2026-07-03 23:11:08,439 [MainThread  ] [INFO ]  
2026-07-03 23:11:08,439 [MainThread  ] [INFO ]                 micro        90.80        73.87        81.47          842
2026-07-03 23:11:08,439 [MainThread  ] [INFO ]                 macro        70.15        53.41        56.86          842
2026-07-03 23:11:08,439 [MainThread  ] [INFO ]  
2026-07-03 23:11:08,439 [MainThread  ] [INFO ]  --- NER on Localization ---
2026-07-03 23:11:08,440 [MainThread  ] [INFO ]  
2026-07-03 23:11:08,794 [MainThread  ] [INFO ]                  type    precision       recall     f1-score      support
2026-07-03 23:11:08,795 [MainThread  ] [INFO ]                Entity        94.80        75.77        84.22          842
2026-07-03 23:11:08,795 [MainThread  ] [INFO ]  
2026-07-03 23:11:08,795 [MainThread  ] [INFO ]                 micro        94.80        75.77        84.22          842
2026-07-03 23:11:08,795 [MainThread  ] [INFO ]                 macro        94.80        75.77        84.22          842
2026-07-03 23:11:08,795 [MainThread  ] [INFO ]  
2026-07-03 23:11:08,795 [MainThread  ] [INFO ]  --- NER on Classification ---
2026-07-03 23:11:08,796 [MainThread  ] [INFO ]  
2026-07-03 23:11:08,808 [MainThread  ] [INFO ]                  type    precision       recall     f1-score      support
2026-07-03 23:11:08,808 [MainThread  ] [INFO ]                    FN         0.00         0.00         0.00           35
2026-07-03 23:11:08,808 [MainThread  ] [INFO ]                   PER         0.00         0.00         0.00            3
2026-07-03 23:11:08,809 [MainThread  ] [INFO ]                    IV       100.00        98.63        99.31           73
2026-07-03 23:11:08,809 [MainThread  ] [INFO ]                    FC        93.52        71.54        81.07          383
2026-07-03 23:11:08,809 [MainThread  ] [INFO ]                    SN       100.00        10.00        18.18           10
2026-07-03 23:11:08,809 [MainThread  ] [INFO ]                   ORG       100.00        70.00        82.35           40
2026-07-03 23:11:08,809 [MainThread  ] [INFO ]                    IN        93.75       100.00        96.77           75
2026-07-03 23:11:08,809 [MainThread  ] [INFO ]                  SNum        98.29        77.13        86.43          223
2026-07-03 23:11:08,809 [MainThread  ] [INFO ]  
2026-07-03 23:11:08,810 [MainThread  ] [INFO ]                 micro        95.84        73.87        83.43          842
2026-07-03 23:11:08,810 [MainThread  ] [INFO ]                 macro        73.19        53.41        58.01          842
2026-07-03 23:11:08,828 [MainThread  ] [INFO ]  Evaluate: test
2026-07-03 23:11:13,941 [MainThread  ] [INFO ]  Evaluation
2026-07-03 23:11:13,941 [MainThread  ] [INFO ]  
2026-07-03 23:11:13,941 [MainThread  ] [INFO ]  --- NER ---
2026-07-03 23:11:13,941 [MainThread  ] [INFO ]  
2026-07-03 23:11:13,963 [MainThread  ] [INFO ]                  type    precision       recall     f1-score      support
2026-07-03 23:11:13,968 [MainThread  ] [INFO ]                    FN         0.00         0.00         0.00           37
2026-07-03 23:11:13,968 [MainThread  ] [INFO ]                   PER         0.00         0.00         0.00            1
2026-07-03 23:11:13,968 [MainThread  ] [INFO ]                    IV        97.97        96.03        96.99          151
2026-07-03 23:11:13,969 [MainThread  ] [INFO ]                    FC        88.14        79.19        83.42          197
2026-07-03 23:11:13,969 [MainThread  ] [INFO ]                    SN         0.00         0.00         0.00            6
2026-07-03 23:11:13,969 [MainThread  ] [INFO ]                   ORG        68.57        68.57        68.57           35
2026-07-03 23:11:13,969 [MainThread  ] [INFO ]                    IN        98.01        94.87        96.42          156
2026-07-03 23:11:13,969 [MainThread  ] [INFO ]                  SNum        92.31        70.29        79.81          239
2026-07-03 23:11:13,969 [MainThread  ] [INFO ]  
2026-07-03 23:11:13,969 [MainThread  ] [INFO ]                 micro        92.50        77.98        84.62          822
2026-07-03 23:11:13,969 [MainThread  ] [INFO ]                 macro        55.63        51.12        53.15          822
2026-07-03 23:11:13,970 [MainThread  ] [INFO ]  
2026-07-03 23:11:13,970 [MainThread  ] [INFO ]  --- NER on Localization ---
2026-07-03 23:11:13,970 [MainThread  ] [INFO ]  
2026-07-03 23:11:13,986 [MainThread  ] [INFO ]                  type    precision       recall     f1-score      support
2026-07-03 23:11:13,987 [MainThread  ] [INFO ]                Entity        93.89        78.47        85.49          822
2026-07-03 23:11:13,987 [MainThread  ] [INFO ]  
2026-07-03 23:11:13,987 [MainThread  ] [INFO ]                 micro        93.89        78.47        85.49          822
2026-07-03 23:11:13,987 [MainThread  ] [INFO ]                 macro        93.89        78.47        85.49          822
2026-07-03 23:11:13,987 [MainThread  ] [INFO ]  
2026-07-03 23:11:13,987 [MainThread  ] [INFO ]  --- NER on Classification ---
2026-07-03 23:11:13,987 [MainThread  ] [INFO ]  
2026-07-03 23:11:13,999 [MainThread  ] [INFO ]                  type    precision       recall     f1-score      support
2026-07-03 23:11:14,000 [MainThread  ] [INFO ]                    FN         0.00         0.00         0.00           37
2026-07-03 23:11:14,000 [MainThread  ] [INFO ]                   PER         0.00         0.00         0.00            1
2026-07-03 23:11:14,000 [MainThread  ] [INFO ]                    IV        99.32        96.03        97.64          151
2026-07-03 23:11:14,000 [MainThread  ] [INFO ]                    FC        97.50        79.19        87.39          197
2026-07-03 23:11:14,000 [MainThread  ] [INFO ]                    SN         0.00         0.00         0.00            6
2026-07-03 23:11:14,000 [MainThread  ] [INFO ]                   ORG        92.31        68.57        78.69           35
2026-07-03 23:11:14,000 [MainThread  ] [INFO ]                    IN        99.33        94.87        97.05          156
2026-07-03 23:11:14,000 [MainThread  ] [INFO ]                  SNum       100.00        70.29        82.56          239
2026-07-03 23:11:14,001 [MainThread  ] [INFO ]  
2026-07-03 23:11:14,001 [MainThread  ] [INFO ]                 micro        98.77        77.98        87.15          822
2026-07-03 23:11:14,001 [MainThread  ] [INFO ]                 macro        61.06        51.12        55.42          822
2026-07-03 23:11:14,022 [MainThread  ] [INFO ]  Best F1 score update, from 79.4335805799056 to 81.46692861820563
2026-07-03 23:11:14,961 [MainThread  ] [INFO ]  Best Dev-F1 score: 81.46692861820563, achieved at Epoch: 15, Test-F1: 84.62046204620461
2026-07-03 23:11:14,962 [MainThread  ] [INFO ]  Train epoch: 15
2026-07-03 23:13:40,959 [MainThread  ] [INFO ]  Evaluate: valid
2026-07-03 23:13:46,624 [MainThread  ] [INFO ]  Evaluation
2026-07-03 23:13:46,624 [MainThread  ] [INFO ]  
2026-07-03 23:13:46,624 [MainThread  ] [INFO ]  --- NER ---
2026-07-03 23:13:46,624 [MainThread  ] [INFO ]  
2026-07-03 23:13:46,644 [MainThread  ] [INFO ]                  type    precision       recall     f1-score      support
2026-07-03 23:13:46,645 [MainThread  ] [INFO ]                    FN         0.00         0.00         0.00           35
2026-07-03 23:13:46,645 [MainThread  ] [INFO ]                   PER         0.00         0.00         0.00            3
2026-07-03 23:13:46,645 [MainThread  ] [INFO ]                    IV        98.63        98.63        98.63           73
2026-07-03 23:13:46,645 [MainThread  ] [INFO ]                    FC        90.54        74.93        82.00          383
2026-07-03 23:13:46,645 [MainThread  ] [INFO ]                    SN       100.00        10.00        18.18           10
2026-07-03 23:13:46,645 [MainThread  ] [INFO ]                   ORG        80.56        72.50        76.32           40
2026-07-03 23:13:46,646 [MainThread  ] [INFO ]                    IN        94.94       100.00        97.40           75
2026-07-03 23:13:46,646 [MainThread  ] [INFO ]                  SNum        97.69        75.78        85.35          223
2026-07-03 23:13:46,646 [MainThread  ] [INFO ]  
2026-07-03 23:13:46,646 [MainThread  ] [INFO ]                 micro        93.23        75.18        83.23          842
2026-07-03 23:13:46,646 [MainThread  ] [INFO ]                 macro        70.29        53.98        57.24          842
2026-07-03 23:13:46,646 [MainThread  ] [INFO ]  
2026-07-03 23:13:46,646 [MainThread  ] [INFO ]  --- NER on Localization ---
2026-07-03 23:13:46,646 [MainThread  ] [INFO ]  
2026-07-03 23:13:46,664 [MainThread  ] [INFO ]                  type    precision       recall     f1-score      support
2026-07-03 23:13:46,664 [MainThread  ] [INFO ]                Entity        96.44        77.20        85.75          842
2026-07-03 23:13:46,665 [MainThread  ] [INFO ]  
2026-07-03 23:13:46,665 [MainThread  ] [INFO ]                 micro        96.44        77.20        85.75          842
2026-07-03 23:13:46,665 [MainThread  ] [INFO ]                 macro        96.44        77.20        85.75          842
2026-07-03 23:13:46,665 [MainThread  ] [INFO ]  
2026-07-03 23:13:46,665 [MainThread  ] [INFO ]  --- NER on Classification ---
2026-07-03 23:13:46,665 [MainThread  ] [INFO ]  
2026-07-03 23:13:46,678 [MainThread  ] [INFO ]                  type    precision       recall     f1-score      support
2026-07-03 23:13:46,678 [MainThread  ] [INFO ]                    FN         0.00         0.00         0.00           35
2026-07-03 23:13:46,678 [MainThread  ] [INFO ]                   PER         0.00         0.00         0.00            3
2026-07-03 23:13:46,678 [MainThread  ] [INFO ]                    IV       100.00        98.63        99.31           73
2026-07-03 23:13:46,678 [MainThread  ] [INFO ]                    FC        94.41        74.93        83.55          383
2026-07-03 23:13:46,678 [MainThread  ] [INFO ]                    SN       100.00        10.00        18.18           10
2026-07-03 23:13:46,678 [MainThread  ] [INFO ]                   ORG       100.00        72.50        84.06           40
2026-07-03 23:13:46,679 [MainThread  ] [INFO ]                    IN        94.94       100.00        97.40           75
2026-07-03 23:13:46,679 [MainThread  ] [INFO ]                  SNum        99.41        75.78        86.01          223
2026-07-03 23:13:46,679 [MainThread  ] [INFO ]  
2026-07-03 23:13:46,679 [MainThread  ] [INFO ]                 micro        96.64        75.18        84.57          842
2026-07-03 23:13:46,679 [MainThread  ] [INFO ]                 macro        73.59        53.98        58.56          842
2026-07-03 23:13:46,703 [MainThread  ] [INFO ]  Evaluate: test
2026-07-03 23:13:51,867 [MainThread  ] [INFO ]  Evaluation
2026-07-03 23:13:51,867 [MainThread  ] [INFO ]  
2026-07-03 23:13:51,867 [MainThread  ] [INFO ]  --- NER ---
2026-07-03 23:13:51,867 [MainThread  ] [INFO ]  
2026-07-03 23:13:51,886 [MainThread  ] [INFO ]                  type    precision       recall     f1-score      support
2026-07-03 23:13:51,886 [MainThread  ] [INFO ]                    FN         0.00         0.00         0.00           37
2026-07-03 23:13:51,886 [MainThread  ] [INFO ]                   PER         0.00         0.00         0.00            1
2026-07-03 23:13:51,886 [MainThread  ] [INFO ]                    IV        98.65        96.69        97.66          151
2026-07-03 23:13:51,886 [MainThread  ] [INFO ]                    FC        91.86        80.20        85.64          197
2026-07-03 23:13:51,886 [MainThread  ] [INFO ]                    SN         0.00         0.00         0.00            6
2026-07-03 23:13:51,886 [MainThread  ] [INFO ]                   ORG        67.57        71.43        69.44           35
2026-07-03 23:13:51,886 [MainThread  ] [INFO ]                    IN        96.10        94.87        95.48          156
2026-07-03 23:13:51,886 [MainThread  ] [INFO ]                  SNum        95.40        69.46        80.39          239
2026-07-03 23:13:51,887 [MainThread  ] [INFO ]  
2026-07-03 23:13:51,887 [MainThread  ] [INFO ]                 micro        93.73        78.22        85.28          822
2026-07-03 23:13:51,887 [MainThread  ] [INFO ]                 macro        56.20        51.58        53.58          822
2026-07-03 23:13:51,887 [MainThread  ] [INFO ]  
2026-07-03 23:13:51,887 [MainThread  ] [INFO ]  --- NER on Localization ---
2026-07-03 23:13:51,887 [MainThread  ] [INFO ]  
2026-07-03 23:13:51,902 [MainThread  ] [INFO ]                  type    precision       recall     f1-score      support
2026-07-03 23:13:51,903 [MainThread  ] [INFO ]                Entity        95.71        78.71        86.38          822
2026-07-03 23:13:51,903 [MainThread  ] [INFO ]  
2026-07-03 23:13:51,903 [MainThread  ] [INFO ]                 micro        95.71        78.71        86.38          822
2026-07-03 23:13:51,903 [MainThread  ] [INFO ]                 macro        95.71        78.71        86.38          822
2026-07-03 23:13:51,903 [MainThread  ] [INFO ]  
2026-07-03 23:13:51,903 [MainThread  ] [INFO ]  --- NER on Classification ---
2026-07-03 23:13:51,903 [MainThread  ] [INFO ]  
2026-07-03 23:13:51,916 [MainThread  ] [INFO ]                  type    precision       recall     f1-score      support
2026-07-03 23:13:51,916 [MainThread  ] [INFO ]                    FN         0.00         0.00         0.00           37
2026-07-03 23:13:51,916 [MainThread  ] [INFO ]                   PER         0.00         0.00         0.00            1
2026-07-03 23:13:51,916 [MainThread  ] [INFO ]                    IV       100.00        96.69        98.32          151
2026-07-03 23:13:51,916 [MainThread  ] [INFO ]                    FC        96.93        80.20        87.78          197
2026-07-03 23:13:51,916 [MainThread  ] [INFO ]                    SN         0.00         0.00         0.00            6
2026-07-03 23:13:51,916 [MainThread  ] [INFO ]                   ORG        86.21        71.43        78.13           35
2026-07-03 23:13:51,917 [MainThread  ] [INFO ]                    IN        98.01        94.87        96.42          156
2026-07-03 23:13:51,917 [MainThread  ] [INFO ]                  SNum       100.00        69.46        81.98          239
2026-07-03 23:13:51,917 [MainThread  ] [INFO ]  
2026-07-03 23:13:51,917 [MainThread  ] [INFO ]                 micro        98.02        78.22        87.01          822
2026-07-03 23:13:51,917 [MainThread  ] [INFO ]                 macro        60.14        51.58        55.33          822
2026-07-03 23:13:51,939 [MainThread  ] [INFO ]  Best F1 score update, from 81.46692861820563 to 83.23471400394476
2026-07-03 23:13:52,963 [MainThread  ] [INFO ]  Best Dev-F1 score: 83.23471400394476, achieved at Epoch: 16, Test-F1: 85.27851458885941
2026-07-03 23:13:52,963 [MainThread  ] [INFO ]  Train epoch: 16
2026-07-03 23:16:20,248 [MainThread  ] [INFO ]  Evaluate: valid
2026-07-03 23:16:25,916 [MainThread  ] [INFO ]  Evaluation
2026-07-03 23:16:25,917 [MainThread  ] [INFO ]  
2026-07-03 23:16:25,917 [MainThread  ] [INFO ]  --- NER ---
2026-07-03 23:16:25,917 [MainThread  ] [INFO ]  
2026-07-03 23:16:25,938 [MainThread  ] [INFO ]                  type    precision       recall     f1-score      support
2026-07-03 23:16:25,938 [MainThread  ] [INFO ]                    FN       100.00         5.71        10.81           35
2026-07-03 23:16:25,938 [MainThread  ] [INFO ]                   PER         0.00         0.00         0.00            3
2026-07-03 23:16:25,938 [MainThread  ] [INFO ]                    IV       100.00        98.63        99.31           73
2026-07-03 23:16:25,938 [MainThread  ] [INFO ]                    FC        92.43        76.50        83.71          383
2026-07-03 23:16:25,939 [MainThread  ] [INFO ]                    SN       100.00        20.00        33.33           10
2026-07-03 23:16:25,939 [MainThread  ] [INFO ]                   ORG        82.86        72.50        77.33           40
2026-07-03 23:16:25,939 [MainThread  ] [INFO ]                    IN        93.75       100.00        96.77           75
2026-07-03 23:16:25,939 [MainThread  ] [INFO ]                  SNum        97.77        78.48        87.06          223
2026-07-03 23:16:25,939 [MainThread  ] [INFO ]  
2026-07-03 23:16:25,939 [MainThread  ] [INFO ]                 micro        94.32        76.96        84.76          842
2026-07-03 23:16:25,939 [MainThread  ] [INFO ]                 macro        83.35        56.48        61.04          842
2026-07-03 23:16:25,939 [MainThread  ] [INFO ]  
2026-07-03 23:16:25,939 [MainThread  ] [INFO ]  --- NER on Localization ---
2026-07-03 23:16:25,940 [MainThread  ] [INFO ]  
2026-07-03 23:16:26,304 [MainThread  ] [INFO ]                  type    precision       recall     f1-score      support
2026-07-03 23:16:26,305 [MainThread  ] [INFO ]                Entity        97.78        78.50        87.09          842
2026-07-03 23:16:26,305 [MainThread  ] [INFO ]  
2026-07-03 23:16:26,305 [MainThread  ] [INFO ]                 micro        97.78        78.50        87.09          842
2026-07-03 23:16:26,305 [MainThread  ] [INFO ]                 macro        97.78        78.50        87.09          842
2026-07-03 23:16:26,305 [MainThread  ] [INFO ]  
2026-07-03 23:16:26,305 [MainThread  ] [INFO ]  --- NER on Classification ---
2026-07-03 23:16:26,305 [MainThread  ] [INFO ]  
2026-07-03 23:16:26,318 [MainThread  ] [INFO ]                  type    precision       recall     f1-score      support
2026-07-03 23:16:26,318 [MainThread  ] [INFO ]                    FN       100.00         5.71        10.81           35
2026-07-03 23:16:26,318 [MainThread  ] [INFO ]                   PER         0.00         0.00         0.00            3
2026-07-03 23:16:26,318 [MainThread  ] [INFO ]                    IV       100.00        98.63        99.31           73
2026-07-03 23:16:26,319 [MainThread  ] [INFO ]                    FC        94.52        76.50        84.56          383
2026-07-03 23:16:26,319 [MainThread  ] [INFO ]                    SN       100.00        20.00        33.33           10
2026-07-03 23:16:26,319 [MainThread  ] [INFO ]                   ORG        96.67        72.50        82.86           40
2026-07-03 23:16:26,319 [MainThread  ] [INFO ]                    IN        93.75       100.00        96.77           75
2026-07-03 23:16:26,319 [MainThread  ] [INFO ]                  SNum       100.00        78.48        87.94          223
2026-07-03 23:16:26,319 [MainThread  ] [INFO ]  
2026-07-03 23:16:26,319 [MainThread  ] [INFO ]                 micro        96.57        76.96        85.66          842
2026-07-03 23:16:26,319 [MainThread  ] [INFO ]                 macro        85.62        56.48        61.95          842
2026-07-03 23:16:26,341 [MainThread  ] [INFO ]  Evaluate: test
2026-07-03 23:16:31,424 [MainThread  ] [INFO ]  Evaluation
2026-07-03 23:16:31,424 [MainThread  ] [INFO ]  
2026-07-03 23:16:31,424 [MainThread  ] [INFO ]  --- NER ---
2026-07-03 23:16:31,424 [MainThread  ] [INFO ]  
2026-07-03 23:16:31,443 [MainThread  ] [INFO ]                  type    precision       recall     f1-score      support
2026-07-03 23:16:31,443 [MainThread  ] [INFO ]                    FN         0.00         0.00         0.00           37
2026-07-03 23:16:31,443 [MainThread  ] [INFO ]                   PER         0.00         0.00         0.00            1
2026-07-03 23:16:31,443 [MainThread  ] [INFO ]                    IV        99.32        96.69        97.99          151
2026-07-03 23:16:31,444 [MainThread  ] [INFO ]                    FC        96.47        83.25        89.37          197
2026-07-03 23:16:31,444 [MainThread  ] [INFO ]                    SN       100.00        16.67        28.57            6
2026-07-03 23:16:31,444 [MainThread  ] [INFO ]                   ORG        74.29        74.29        74.29           35
2026-07-03 23:16:31,444 [MainThread  ] [INFO ]                    IN        98.67        94.87        96.73          156
2026-07-03 23:16:31,444 [MainThread  ] [INFO ]                  SNum        95.51        71.13        81.53          239
2026-07-03 23:16:31,444 [MainThread  ] [INFO ]  
2026-07-03 23:16:31,444 [MainThread  ] [INFO ]                 micro        96.18        79.68        87.16          822
2026-07-03 23:16:31,444 [MainThread  ] [INFO ]                 macro        70.53        54.61        58.56          822
2026-07-03 23:16:31,445 [MainThread  ] [INFO ]  
2026-07-03 23:16:31,445 [MainThread  ] [INFO ]  --- NER on Localization ---
2026-07-03 23:16:31,445 [MainThread  ] [INFO ]  
2026-07-03 23:16:31,460 [MainThread  ] [INFO ]                  type    precision       recall     f1-score      support
2026-07-03 23:16:31,461 [MainThread  ] [INFO ]                Entity        97.05        80.05        87.73          822
2026-07-03 23:16:31,461 [MainThread  ] [INFO ]  
2026-07-03 23:16:31,461 [MainThread  ] [INFO ]                 micro        97.05        80.05        87.73          822
2026-07-03 23:16:31,461 [MainThread  ] [INFO ]                 macro        97.05        80.05        87.73          822
2026-07-03 23:16:31,461 [MainThread  ] [INFO ]  
2026-07-03 23:16:31,461 [MainThread  ] [INFO ]  --- NER on Classification ---
2026-07-03 23:16:31,461 [MainThread  ] [INFO ]  
2026-07-03 23:16:31,474 [MainThread  ] [INFO ]                  type    precision       recall     f1-score      support
2026-07-03 23:16:31,474 [MainThread  ] [INFO ]                    FN         0.00         0.00         0.00           37
2026-07-03 23:16:31,474 [MainThread  ] [INFO ]                   PER         0.00         0.00         0.00            1
2026-07-03 23:16:31,474 [MainThread  ] [INFO ]                    IV        99.32        96.69        97.99          151
2026-07-03 23:16:31,474 [MainThread  ] [INFO ]                    FC        98.20        83.25        90.11          197
2026-07-03 23:16:31,474 [MainThread  ] [INFO ]                    SN       100.00        16.67        28.57            6
2026-07-03 23:16:31,474 [MainThread  ] [INFO ]                   ORG        92.86        74.29        82.54           35
2026-07-03 23:16:31,475 [MainThread  ] [INFO ]                    IN       100.00        94.87        97.37          156
2026-07-03 23:16:31,475 [MainThread  ] [INFO ]                  SNum       100.00        71.13        83.13          239
2026-07-03 23:16:31,475 [MainThread  ] [INFO ]  
2026-07-03 23:16:31,475 [MainThread  ] [INFO ]                 micro        99.09        79.68        88.33          822
2026-07-03 23:16:31,475 [MainThread  ] [INFO ]                 macro        73.80        54.61        59.96          822
2026-07-03 23:16:31,498 [MainThread  ] [INFO ]  Best F1 score update, from 83.23471400394476 to 84.76128188358405
2026-07-03 23:16:32,359 [MainThread  ] [INFO ]  Best Dev-F1 score: 84.76128188358405, achieved at Epoch: 17, Test-F1: 87.15901530272787
2026-07-03 23:16:32,359 [MainThread  ] [INFO ]  Train epoch: 17
2026-07-03 23:19:01,420 [MainThread  ] [INFO ]  Evaluate: valid
2026-07-03 23:19:07,225 [MainThread  ] [INFO ]  Evaluation
2026-07-03 23:19:07,225 [MainThread  ] [INFO ]  
2026-07-03 23:19:07,225 [MainThread  ] [INFO ]  --- NER ---
2026-07-03 23:19:07,225 [MainThread  ] [INFO ]  
2026-07-03 23:19:07,247 [MainThread  ] [INFO ]                  type    precision       recall     f1-score      support
2026-07-03 23:19:07,247 [MainThread  ] [INFO ]                    FN         0.00         0.00         0.00           35
2026-07-03 23:19:07,247 [MainThread  ] [INFO ]                   PER         0.00         0.00         0.00            3
2026-07-03 23:19:07,247 [MainThread  ] [INFO ]                    IV       100.00        97.26        98.61           73
2026-07-03 23:19:07,247 [MainThread  ] [INFO ]                    FC        92.14        76.50        83.59          383
2026-07-03 23:19:07,247 [MainThread  ] [INFO ]                    SN       100.00        20.00        33.33           10
2026-07-03 23:19:07,247 [MainThread  ] [INFO ]                   ORG        81.08        75.00        77.92           40
2026-07-03 23:19:07,247 [MainThread  ] [INFO ]                    IN        94.94       100.00        97.40           75
2026-07-03 23:19:07,248 [MainThread  ] [INFO ]                  SNum        95.19        79.82        86.83          223
2026-07-03 23:19:07,248 [MainThread  ] [INFO ]  
2026-07-03 23:19:07,248 [MainThread  ] [INFO ]                 micro        93.52        77.08        84.51          842
2026-07-03 23:19:07,248 [MainThread  ] [INFO ]                 macro        70.42        56.07        59.71          842
2026-07-03 23:19:07,248 [MainThread  ] [INFO ]  
2026-07-03 23:19:07,248 [MainThread  ] [INFO ]  --- NER on Localization ---
2026-07-03 23:19:07,248 [MainThread  ] [INFO ]  
2026-07-03 23:19:07,266 [MainThread  ] [INFO ]                  type    precision       recall     f1-score      support
2026-07-03 23:19:07,266 [MainThread  ] [INFO ]                Entity        96.66        79.10        87.00          842
2026-07-03 23:19:07,266 [MainThread  ] [INFO ]  
2026-07-03 23:19:07,266 [MainThread  ] [INFO ]                 micro        96.66        79.10        87.00          842
2026-07-03 23:19:07,266 [MainThread  ] [INFO ]                 macro        96.66        79.10        87.00          842
2026-07-03 23:19:07,266 [MainThread  ] [INFO ]  
2026-07-03 23:19:07,266 [MainThread  ] [INFO ]  --- NER on Classification ---
2026-07-03 23:19:07,266 [MainThread  ] [INFO ]  
2026-07-03 23:19:07,280 [MainThread  ] [INFO ]                  type    precision       recall     f1-score      support
2026-07-03 23:19:07,280 [MainThread  ] [INFO ]                    FN         0.00         0.00         0.00           35
2026-07-03 23:19:07,280 [MainThread  ] [INFO ]                   PER         0.00         0.00         0.00            3
2026-07-03 23:19:07,280 [MainThread  ] [INFO ]                    IV       100.00        97.26        98.61           73
2026-07-03 23:19:07,280 [MainThread  ] [INFO ]                    FC        94.21        76.50        84.44          383
2026-07-03 23:19:07,280 [MainThread  ] [INFO ]                    SN       100.00        20.00        33.33           10
2026-07-03 23:19:07,280 [MainThread  ] [INFO ]                   ORG       100.00        75.00        85.71           40
2026-07-03 23:19:07,280 [MainThread  ] [INFO ]                    IN        96.15       100.00        98.04           75
2026-07-03 23:19:07,281 [MainThread  ] [INFO ]                  SNum       100.00        79.82        88.78          223
2026-07-03 23:19:07,281 [MainThread  ] [INFO ]  
2026-07-03 23:19:07,281 [MainThread  ] [INFO ]                 micro        96.87        77.08        85.85          842
2026-07-03 23:19:07,281 [MainThread  ] [INFO ]                 macro        73.80        56.07        61.11          842
2026-07-03 23:19:07,300 [MainThread  ] [INFO ]  Evaluate: test
2026-07-03 23:19:12,480 [MainThread  ] [INFO ]  Evaluation
2026-07-03 23:19:12,480 [MainThread  ] [INFO ]  
2026-07-03 23:19:12,480 [MainThread  ] [INFO ]  --- NER ---
2026-07-03 23:19:12,480 [MainThread  ] [INFO ]  
2026-07-03 23:19:12,499 [MainThread  ] [INFO ]                  type    precision       recall     f1-score      support
2026-07-03 23:19:12,499 [MainThread  ] [INFO ]                    FN         0.00         0.00         0.00           37
2026-07-03 23:19:12,499 [MainThread  ] [INFO ]                   PER         0.00         0.00         0.00            1
2026-07-03 23:19:12,499 [MainThread  ] [INFO ]                    IV        98.65        96.69        97.66          151
2026-07-03 23:19:12,500 [MainThread  ] [INFO ]                    FC        98.77        81.22        89.14          197
2026-07-03 23:19:12,500 [MainThread  ] [INFO ]                    SN        50.00        16.67        25.00            6
2026-07-03 23:19:12,500 [MainThread  ] [INFO ]                   ORG        70.00        80.00        74.67           35
2026-07-03 23:19:12,500 [MainThread  ] [INFO ]                    IN        96.13        95.51        95.82          156
2026-07-03 23:19:12,500 [MainThread  ] [INFO ]                  SNum        95.11        73.22        82.74          239
2026-07-03 23:19:12,500 [MainThread  ] [INFO ]  
2026-07-03 23:19:12,500 [MainThread  ] [INFO ]                 micro        95.37        80.17        87.11          822
2026-07-03 23:19:12,500 [MainThread  ] [INFO ]                 macro        63.58        55.41        58.13          822
2026-07-03 23:19:12,500 [MainThread  ] [INFO ]  
2026-07-03 23:19:12,501 [MainThread  ] [INFO ]  --- NER on Localization ---
2026-07-03 23:19:12,501 [MainThread  ] [INFO ]  
2026-07-03 23:19:12,881 [MainThread  ] [INFO ]                  type    precision       recall     f1-score      support
2026-07-03 23:19:12,882 [MainThread  ] [INFO ]                Entity        96.65        80.78        88.01          822
2026-07-03 23:19:12,882 [MainThread  ] [INFO ]  
2026-07-03 23:19:12,882 [MainThread  ] [INFO ]                 micro        96.65        80.78        88.01          822
2026-07-03 23:19:12,882 [MainThread  ] [INFO ]                 macro        96.65        80.78        88.01          822
2026-07-03 23:19:12,882 [MainThread  ] [INFO ]  
2026-07-03 23:19:12,882 [MainThread  ] [INFO ]  --- NER on Classification ---
2026-07-03 23:19:12,882 [MainThread  ] [INFO ]  
2026-07-03 23:19:12,895 [MainThread  ] [INFO ]                  type    precision       recall     f1-score      support
2026-07-03 23:19:12,895 [MainThread  ] [INFO ]                    FN         0.00         0.00         0.00           37
2026-07-03 23:19:12,895 [MainThread  ] [INFO ]                   PER         0.00         0.00         0.00            1
2026-07-03 23:19:12,895 [MainThread  ] [INFO ]                    IV       100.00        96.69        98.32          151
2026-07-03 23:19:12,895 [MainThread  ] [INFO ]                    FC        99.38        81.22        89.39          197
2026-07-03 23:19:12,895 [MainThread  ] [INFO ]                    SN        50.00        16.67        25.00            6
2026-07-03 23:19:12,895 [MainThread  ] [INFO ]                   ORG        87.50        80.00        83.58           35
2026-07-03 23:19:12,895 [MainThread  ] [INFO ]                    IN        98.03        95.51        96.75          156
2026-07-03 23:19:12,896 [MainThread  ] [INFO ]                  SNum       100.00        73.22        84.54          239
2026-07-03 23:19:12,896 [MainThread  ] [INFO ]  
2026-07-03 23:19:12,896 [MainThread  ] [INFO ]                 micro        98.65        80.17        88.46          822
2026-07-03 23:19:12,896 [MainThread  ] [INFO ]                 macro        66.86        55.41        59.70          822
2026-07-03 23:19:12,921 [MainThread  ] [INFO ]  Best Dev-F1 score: 84.76128188358405, achieved at Epoch: 17, Test-F1: 87.15901530272787
2026-07-03 23:19:12,921 [MainThread  ] [INFO ]  Train epoch: 18
2026-07-03 23:21:40,290 [MainThread  ] [INFO ]  Evaluate: valid
2026-07-03 23:21:46,020 [MainThread  ] [INFO ]  Evaluation
2026-07-03 23:21:46,020 [MainThread  ] [INFO ]  
2026-07-03 23:21:46,020 [MainThread  ] [INFO ]  --- NER ---
2026-07-03 23:21:46,021 [MainThread  ] [INFO ]  
2026-07-03 23:21:46,041 [MainThread  ] [INFO ]                  type    precision       recall     f1-score      support
2026-07-03 23:21:46,041 [MainThread  ] [INFO ]                    FN       100.00        28.57        44.44           35
2026-07-03 23:21:46,041 [MainThread  ] [INFO ]                   PER         0.00         0.00         0.00            3
2026-07-03 23:21:46,041 [MainThread  ] [INFO ]                    IV        98.61        97.26        97.93           73
2026-07-03 23:21:46,041 [MainThread  ] [INFO ]                    FC        94.65        78.59        85.88          383
2026-07-03 23:21:46,042 [MainThread  ] [INFO ]                    SN        75.00        30.00        42.86           10
2026-07-03 23:21:46,042 [MainThread  ] [INFO ]                   ORG        86.11        77.50        81.58           40
2026-07-03 23:21:46,042 [MainThread  ] [INFO ]                    IN        92.59       100.00        96.15           75
2026-07-03 23:21:46,042 [MainThread  ] [INFO ]                  SNum        97.30        80.72        88.24          223
2026-07-03 23:21:46,042 [MainThread  ] [INFO ]  
2026-07-03 23:21:46,042 [MainThread  ] [INFO ]                 micro        95.04        79.69        86.69          842
2026-07-03 23:21:46,042 [MainThread  ] [INFO ]                 macro        80.53        61.58        67.13          842
2026-07-03 23:21:46,042 [MainThread  ] [INFO ]  
2026-07-03 23:21:46,042 [MainThread  ] [INFO ]  --- NER on Localization ---
2026-07-03 23:21:46,043 [MainThread  ] [INFO ]  
2026-07-03 23:21:46,399 [MainThread  ] [INFO ]                  type    precision       recall     f1-score      support
2026-07-03 23:21:46,399 [MainThread  ] [INFO ]                Entity        98.12        80.76        88.60          842
2026-07-03 23:21:46,399 [MainThread  ] [INFO ]  
2026-07-03 23:21:46,399 [MainThread  ] [INFO ]                 micro        98.12        80.76        88.60          842
2026-07-03 23:21:46,399 [MainThread  ] [INFO ]                 macro        98.12        80.76        88.60          842
2026-07-03 23:21:46,400 [MainThread  ] [INFO ]  
2026-07-03 23:21:46,400 [MainThread  ] [INFO ]  --- NER on Classification ---
2026-07-03 23:21:46,400 [MainThread  ] [INFO ]  
2026-07-03 23:21:46,413 [MainThread  ] [INFO ]                  type    precision       recall     f1-score      support
2026-07-03 23:21:46,413 [MainThread  ] [INFO ]                    FN       100.00        28.57        44.44           35
2026-07-03 23:21:46,413 [MainThread  ] [INFO ]                   PER         0.00         0.00         0.00            3
2026-07-03 23:21:46,414 [MainThread  ] [INFO ]                    IV       100.00        97.26        98.61           73
2026-07-03 23:21:46,414 [MainThread  ] [INFO ]                    FC        95.56        78.59        86.25          383
2026-07-03 23:21:46,414 [MainThread  ] [INFO ]                    SN       100.00        30.00        46.15           10
2026-07-03 23:21:46,414 [MainThread  ] [INFO ]                   ORG        96.88        77.50        86.11           40
2026-07-03 23:21:46,414 [MainThread  ] [INFO ]                    IN        92.59       100.00        96.15           75
2026-07-03 23:21:46,414 [MainThread  ] [INFO ]                  SNum        99.45        80.72        89.11          223
2026-07-03 23:21:46,414 [MainThread  ] [INFO ]  
2026-07-03 23:21:46,414 [MainThread  ] [INFO ]                 micro        96.83        79.69        87.43          842
2026-07-03 23:21:46,414 [MainThread  ] [INFO ]                 macro        85.56        61.58        68.35          842
2026-07-03 23:21:46,430 [MainThread  ] [INFO ]  Evaluate: test
2026-07-03 23:21:51,566 [MainThread  ] [INFO ]  Evaluation
2026-07-03 23:21:51,567 [MainThread  ] [INFO ]  
2026-07-03 23:21:51,567 [MainThread  ] [INFO ]  --- NER ---
2026-07-03 23:21:51,567 [MainThread  ] [INFO ]  
2026-07-03 23:21:51,586 [MainThread  ] [INFO ]                  type    precision       recall     f1-score      support
2026-07-03 23:21:51,586 [MainThread  ] [INFO ]                    FN         0.00         0.00         0.00           37
2026-07-03 23:21:51,586 [MainThread  ] [INFO ]                   PER         0.00         0.00         0.00            1
2026-07-03 23:21:51,586 [MainThread  ] [INFO ]                    IV       100.00        96.69        98.32          151
2026-07-03 23:21:51,586 [MainThread  ] [INFO ]                    FC        97.73        87.31        92.23          197
2026-07-03 23:21:51,587 [MainThread  ] [INFO ]                    SN        33.33        16.67        22.22            6
2026-07-03 23:21:51,587 [MainThread  ] [INFO ]                   ORG        73.68        80.00        76.71           35
2026-07-03 23:21:51,587 [MainThread  ] [INFO ]                    IN        98.67        94.87        96.73          156
2026-07-03 23:21:51,587 [MainThread  ] [INFO ]                  SNum        95.70        74.48        83.76          239
2026-07-03 23:21:51,587 [MainThread  ] [INFO ]  
2026-07-03 23:21:51,587 [MainThread  ] [INFO ]                 micro        96.14        81.87        88.44          822
2026-07-03 23:21:51,587 [MainThread  ] [INFO ]                 macro        62.39        56.25        58.75          822
2026-07-03 23:21:51,587 [MainThread  ] [INFO ]  
2026-07-03 23:21:51,587 [MainThread  ] [INFO ]  --- NER on Localization ---
2026-07-03 23:21:51,587 [MainThread  ] [INFO ]  
2026-07-03 23:21:51,603 [MainThread  ] [INFO ]                  type    precision       recall     f1-score      support
2026-07-03 23:21:51,603 [MainThread  ] [INFO ]                Entity        97.70        82.60        89.52          822
2026-07-03 23:21:51,603 [MainThread  ] [INFO ]  
2026-07-03 23:21:51,603 [MainThread  ] [INFO ]                 micro        97.70        82.60        89.52          822
2026-07-03 23:21:51,603 [MainThread  ] [INFO ]                 macro        97.70        82.60        89.52          822
2026-07-03 23:21:51,603 [MainThread  ] [INFO ]  
2026-07-03 23:21:51,604 [MainThread  ] [INFO ]  --- NER on Classification ---
2026-07-03 23:21:51,604 [MainThread  ] [INFO ]  
2026-07-03 23:21:51,616 [MainThread  ] [INFO ]                  type    precision       recall     f1-score      support
2026-07-03 23:21:51,616 [MainThread  ] [INFO ]                    FN         0.00         0.00         0.00           37
2026-07-03 23:21:51,616 [MainThread  ] [INFO ]                   PER         0.00         0.00         0.00            1
2026-07-03 23:21:51,616 [MainThread  ] [INFO ]                    IV       100.00        96.69        98.32          151
2026-07-03 23:21:51,616 [MainThread  ] [INFO ]                    FC        98.85        87.31        92.72          197
2026-07-03 23:21:51,616 [MainThread  ] [INFO ]                    SN        33.33        16.67        22.22            6
2026-07-03 23:21:51,617 [MainThread  ] [INFO ]                   ORG        90.32        80.00        84.85           35
2026-07-03 23:21:51,617 [MainThread  ] [INFO ]                    IN        98.67        94.87        96.73          156
2026-07-03 23:21:51,617 [MainThread  ] [INFO ]                  SNum       100.00        74.48        85.37          239
2026-07-03 23:21:51,617 [MainThread  ] [INFO ]  
2026-07-03 23:21:51,617 [MainThread  ] [INFO ]                 micro        98.54        81.87        89.44          822
2026-07-03 23:21:51,617 [MainThread  ] [INFO ]                 macro        65.15        56.25        60.03          822
2026-07-03 23:21:51,638 [MainThread  ] [INFO ]  Best F1 score update, from 84.76128188358405 to 86.69250645994832
2026-07-03 23:21:52,511 [MainThread  ] [INFO ]  Best Dev-F1 score: 86.69250645994832, achieved at Epoch: 19, Test-F1: 88.43626806833115
2026-07-03 23:21:52,511 [MainThread  ] [INFO ]  Train epoch: 19
2026-07-03 23:24:15,611 [MainThread  ] [INFO ]  Evaluate: valid
2026-07-03 23:24:21,336 [MainThread  ] [INFO ]  Evaluation
2026-07-03 23:24:21,336 [MainThread  ] [INFO ]  
2026-07-03 23:24:21,336 [MainThread  ] [INFO ]  --- NER ---
2026-07-03 23:24:21,336 [MainThread  ] [INFO ]  
2026-07-03 23:24:21,363 [MainThread  ] [INFO ]                  type    precision       recall     f1-score      support
2026-07-03 23:24:21,364 [MainThread  ] [INFO ]                    FN       100.00        42.86        60.00           35
2026-07-03 23:24:21,364 [MainThread  ] [INFO ]                   PER         0.00         0.00         0.00            3
2026-07-03 23:24:21,364 [MainThread  ] [INFO ]                    IV       100.00       100.00       100.00           73
2026-07-03 23:24:21,365 [MainThread  ] [INFO ]                    FC        93.90        80.42        86.64          383
2026-07-03 23:24:21,366 [MainThread  ] [INFO ]                    SN       100.00        30.00        46.15           10
2026-07-03 23:24:21,366 [MainThread  ] [INFO ]                   ORG        88.57        77.50        82.67           40
2026-07-03 23:24:21,366 [MainThread  ] [INFO ]                    IN        93.75       100.00        96.77           75
2026-07-03 23:24:21,366 [MainThread  ] [INFO ]                  SNum        97.37        82.96        89.59          223
2026-07-03 23:24:21,366 [MainThread  ] [INFO ]  
2026-07-03 23:24:21,366 [MainThread  ] [INFO ]                 micro        95.30        81.95        88.12          842
2026-07-03 23:24:21,366 [MainThread  ] [INFO ]                 macro        84.20        64.22        70.23          842
2026-07-03 23:24:21,366 [MainThread  ] [INFO ]  
2026-07-03 23:24:21,367 [MainThread  ] [INFO ]  --- NER on Localization ---
2026-07-03 23:24:21,367 [MainThread  ] [INFO ]  
2026-07-03 23:24:21,385 [MainThread  ] [INFO ]                  type    precision       recall     f1-score      support
2026-07-03 23:24:21,385 [MainThread  ] [INFO ]                Entity        97.75        82.54        89.50          842
2026-07-03 23:24:21,385 [MainThread  ] [INFO ]  
2026-07-03 23:24:21,385 [MainThread  ] [INFO ]                 micro        97.75        82.54        89.50          842
2026-07-03 23:24:21,385 [MainThread  ] [INFO ]                 macro        97.75        82.54        89.50          842
2026-07-03 23:24:21,385 [MainThread  ] [INFO ]  
2026-07-03 23:24:21,385 [MainThread  ] [INFO ]  --- NER on Classification ---
2026-07-03 23:24:21,385 [MainThread  ] [INFO ]  
2026-07-03 23:24:21,398 [MainThread  ] [INFO ]                  type    precision       recall     f1-score      support
2026-07-03 23:24:21,399 [MainThread  ] [INFO ]                    FN       100.00        42.86        60.00           35
2026-07-03 23:24:21,399 [MainThread  ] [INFO ]                   PER         0.00         0.00         0.00            3
2026-07-03 23:24:21,399 [MainThread  ] [INFO ]                    IV       100.00       100.00       100.00           73
2026-07-03 23:24:21,399 [MainThread  ] [INFO ]                    FC        96.25        80.42        87.62          383
2026-07-03 23:24:21,399 [MainThread  ] [INFO ]                    SN       100.00        30.00        46.15           10
2026-07-03 23:24:21,399 [MainThread  ] [INFO ]                   ORG       100.00        77.50        87.32           40
2026-07-03 23:24:21,399 [MainThread  ] [INFO ]                    IN        93.75       100.00        96.77           75
2026-07-03 23:24:21,399 [MainThread  ] [INFO ]                  SNum       100.00        82.96        90.69          223
2026-07-03 23:24:21,399 [MainThread  ] [INFO ]  
2026-07-03 23:24:21,399 [MainThread  ] [INFO ]                 micro        97.60        81.95        89.09          842
2026-07-03 23:24:21,399 [MainThread  ] [INFO ]                 macro        86.25        64.22        71.07          842
2026-07-03 23:24:21,423 [MainThread  ] [INFO ]  Evaluate: test
2026-07-03 23:24:26,599 [MainThread  ] [INFO ]  Evaluation
2026-07-03 23:24:26,599 [MainThread  ] [INFO ]  
2026-07-03 23:24:26,599 [MainThread  ] [INFO ]  --- NER ---
2026-07-03 23:24:26,599 [MainThread  ] [INFO ]  
2026-07-03 23:24:26,618 [MainThread  ] [INFO ]                  type    precision       recall     f1-score      support
2026-07-03 23:24:26,619 [MainThread  ] [INFO ]                    FN        85.71        16.22        27.27           37
2026-07-03 23:24:26,619 [MainThread  ] [INFO ]                   PER         0.00         0.00         0.00            1
2026-07-03 23:24:26,619 [MainThread  ] [INFO ]                    IV       100.00        96.69        98.32          151
2026-07-03 23:24:26,619 [MainThread  ] [INFO ]                    FC        97.18        87.31        91.98          197
2026-07-03 23:24:26,619 [MainThread  ] [INFO ]                    SN       100.00        16.67        28.57            6
2026-07-03 23:24:26,619 [MainThread  ] [INFO ]                   ORG        71.05        77.14        73.97           35
2026-07-03 23:24:26,619 [MainThread  ] [INFO ]                    IN        97.37        94.87        96.10          156
2026-07-03 23:24:26,619 [MainThread  ] [INFO ]                  SNum        94.06        79.50        86.17          239
2026-07-03 23:24:26,619 [MainThread  ] [INFO ]  
2026-07-03 23:24:26,619 [MainThread  ] [INFO ]                 micro        95.44        83.94        89.32          822
2026-07-03 23:24:26,620 [MainThread  ] [INFO ]                 macro        80.67        58.55        62.80          822
2026-07-03 23:24:26,620 [MainThread  ] [INFO ]  
2026-07-03 23:24:26,620 [MainThread  ] [INFO ]  --- NER on Localization ---
2026-07-03 23:24:26,620 [MainThread  ] [INFO ]  
2026-07-03 23:24:26,637 [MainThread  ] [INFO ]                  type    precision       recall     f1-score      support
2026-07-03 23:24:26,637 [MainThread  ] [INFO ]                Entity        95.97        83.94        89.55          822
2026-07-03 23:24:26,637 [MainThread  ] [INFO ]  
2026-07-03 23:24:26,637 [MainThread  ] [INFO ]                 micro        95.97        83.94        89.55          822
2026-07-03 23:24:26,637 [MainThread  ] [INFO ]                 macro        95.97        83.94        89.55          822
2026-07-03 23:24:26,637 [MainThread  ] [INFO ]  
2026-07-03 23:24:26,637 [MainThread  ] [INFO ]  --- NER on Classification ---
2026-07-03 23:24:26,637 [MainThread  ] [INFO ]  
2026-07-03 23:24:26,650 [MainThread  ] [INFO ]                  type    precision       recall     f1-score      support
2026-07-03 23:24:26,650 [MainThread  ] [INFO ]                    FN       100.00        16.22        27.91           37
2026-07-03 23:24:26,650 [MainThread  ] [INFO ]                   PER         0.00         0.00         0.00            1
2026-07-03 23:24:26,650 [MainThread  ] [INFO ]                    IV       100.00        96.69        98.32          151
2026-07-03 23:24:26,650 [MainThread  ] [INFO ]                    FC        98.85        87.31        92.72          197
2026-07-03 23:24:26,651 [MainThread  ] [INFO ]                    SN       100.00        16.67        28.57            6
2026-07-03 23:24:26,651 [MainThread  ] [INFO ]                   ORG        96.43        77.14        85.71           35
2026-07-03 23:24:26,651 [MainThread  ] [INFO ]                    IN        99.33        94.87        97.05          156
2026-07-03 23:24:26,651 [MainThread  ] [INFO ]                  SNum       100.00        79.50        88.58          239
2026-07-03 23:24:26,651 [MainThread  ] [INFO ]  
2026-07-03 23:24:26,651 [MainThread  ] [INFO ]                 micro        99.42        83.94        91.03          822
2026-07-03 23:24:26,651 [MainThread  ] [INFO ]                 macro        86.83        58.55        64.86          822
2026-07-03 23:24:26,668 [MainThread  ] [INFO ]  Best F1 score update, from 86.69250645994832 to 88.12260536398468
2026-07-03 23:24:27,514 [MainThread  ] [INFO ]  Best Dev-F1 score: 88.12260536398468, achieved at Epoch: 20, Test-F1: 89.32038834951456
2026-07-03 23:24:27,514 [MainThread  ] [INFO ]  Train epoch: 20
2026-07-03 23:26:51,326 [MainThread  ] [INFO ]  Evaluate: valid
2026-07-03 23:26:56,948 [MainThread  ] [INFO ]  Evaluation
2026-07-03 23:26:56,949 [MainThread  ] [INFO ]  
2026-07-03 23:26:56,949 [MainThread  ] [INFO ]  --- NER ---
2026-07-03 23:26:56,949 [MainThread  ] [INFO ]  
2026-07-03 23:26:57,338 [MainThread  ] [INFO ]                  type    precision       recall     f1-score      support
2026-07-03 23:26:57,339 [MainThread  ] [INFO ]                    FN       100.00        40.00        57.14           35
2026-07-03 23:26:57,339 [MainThread  ] [INFO ]                   PER         0.00         0.00         0.00            3
2026-07-03 23:26:57,339 [MainThread  ] [INFO ]                    IV       100.00       100.00       100.00           73
2026-07-03 23:26:57,339 [MainThread  ] [INFO ]                    FC        94.75        80.16        86.85          383
2026-07-03 23:26:57,339 [MainThread  ] [INFO ]                    SN       100.00        20.00        33.33           10
2026-07-03 23:26:57,339 [MainThread  ] [INFO ]                   ORG        88.24        75.00        81.08           40
2026-07-03 23:26:57,340 [MainThread  ] [INFO ]                    IN        93.75       100.00        96.77           75
2026-07-03 23:26:57,340 [MainThread  ] [INFO ]                  SNum        96.83        82.06        88.83          223
2026-07-03 23:26:57,344 [MainThread  ] [INFO ]  
2026-07-03 23:26:57,344 [MainThread  ] [INFO ]                 micro        95.53        81.24        87.80          842
2026-07-03 23:26:57,344 [MainThread  ] [INFO ]                 macro        84.20        62.15        68.00          842
2026-07-03 23:26:57,344 [MainThread  ] [INFO ]  
2026-07-03 23:26:57,345 [MainThread  ] [INFO ]  --- NER on Localization ---
2026-07-03 23:26:57,345 [MainThread  ] [INFO ]  
2026-07-03 23:26:57,364 [MainThread  ] [INFO ]                  type    precision       recall     f1-score      support
2026-07-03 23:26:57,364 [MainThread  ] [INFO ]                Entity        98.15        82.07        89.39          842
2026-07-03 23:26:57,364 [MainThread  ] [INFO ]  
2026-07-03 23:26:57,364 [MainThread  ] [INFO ]                 micro        98.15        82.07        89.39          842
2026-07-03 23:26:57,365 [MainThread  ] [INFO ]                 macro        98.15        82.07        89.39          842
2026-07-03 23:26:57,365 [MainThread  ] [INFO ]  
2026-07-03 23:26:57,365 [MainThread  ] [INFO ]  --- NER on Classification ---
2026-07-03 23:26:57,365 [MainThread  ] [INFO ]  
2026-07-03 23:26:57,378 [MainThread  ] [INFO ]                  type    precision       recall     f1-score      support
2026-07-03 23:26:57,378 [MainThread  ] [INFO ]                    FN       100.00        40.00        57.14           35
2026-07-03 23:26:57,378 [MainThread  ] [INFO ]                   PER         0.00         0.00         0.00            3
2026-07-03 23:26:57,378 [MainThread  ] [INFO ]                    IV       100.00       100.00       100.00           73
2026-07-03 23:26:57,379 [MainThread  ] [INFO ]                    FC        95.64        80.16        87.22          383
2026-07-03 23:26:57,379 [MainThread  ] [INFO ]                    SN       100.00        20.00        33.33           10
2026-07-03 23:26:57,379 [MainThread  ] [INFO ]                   ORG       100.00        75.00        85.71           40
2026-07-03 23:26:57,379 [MainThread  ] [INFO ]                    IN        93.75       100.00        96.77           75
2026-07-03 23:26:57,379 [MainThread  ] [INFO ]                  SNum       100.00        82.06        90.15          223
2026-07-03 23:26:57,379 [MainThread  ] [INFO ]  
2026-07-03 23:26:57,379 [MainThread  ] [INFO ]                 micro        97.30        81.24        88.54          842
2026-07-03 23:26:57,379 [MainThread  ] [INFO ]                 macro        86.17        62.15        68.79          842
2026-07-03 23:26:57,398 [MainThread  ] [INFO ]  Evaluate: test
2026-07-03 23:27:02,653 [MainThread  ] [INFO ]  Evaluation
2026-07-03 23:27:02,654 [MainThread  ] [INFO ]  
2026-07-03 23:27:02,654 [MainThread  ] [INFO ]  --- NER ---
2026-07-03 23:27:02,654 [MainThread  ] [INFO ]  
2026-07-03 23:27:02,674 [MainThread  ] [INFO ]                  type    precision       recall     f1-score      support
2026-07-03 23:27:02,674 [MainThread  ] [INFO ]                    FN         0.00         0.00         0.00           37
2026-07-03 23:27:02,674 [MainThread  ] [INFO ]                   PER         0.00         0.00         0.00            1
2026-07-03 23:27:02,674 [MainThread  ] [INFO ]                    IV        99.32        96.69        97.99          151
2026-07-03 23:27:02,674 [MainThread  ] [INFO ]                    FC        98.35        90.86        94.46          197
2026-07-03 23:27:02,674 [MainThread  ] [INFO ]                    SN       100.00        16.67        28.57            6
2026-07-03 23:27:02,674 [MainThread  ] [INFO ]                   ORG        75.68        80.00        77.78           35
2026-07-03 23:27:02,674 [MainThread  ] [INFO ]                    IN        96.10        94.87        95.48          156
2026-07-03 23:27:02,675 [MainThread  ] [INFO ]                  SNum        94.82        76.57        84.72          239
2026-07-03 23:27:02,675 [MainThread  ] [INFO ]  
2026-07-03 23:27:02,675 [MainThread  ] [INFO ]                 micro        95.94        83.33        89.19          822
2026-07-03 23:27:02,675 [MainThread  ] [INFO ]                 macro        70.53        56.96        59.88          822
2026-07-03 23:27:02,675 [MainThread  ] [INFO ]  
2026-07-03 23:27:02,675 [MainThread  ] [INFO ]  --- NER on Localization ---
2026-07-03 23:27:02,675 [MainThread  ] [INFO ]  
2026-07-03 23:27:02,691 [MainThread  ] [INFO ]                  type    precision       recall     f1-score      support
2026-07-03 23:27:02,691 [MainThread  ] [INFO ]                Entity        96.49        83.70        89.64          822
2026-07-03 23:27:02,691 [MainThread  ] [INFO ]  
2026-07-03 23:27:02,691 [MainThread  ] [INFO ]                 micro        96.49        83.70        89.64          822
2026-07-03 23:27:02,691 [MainThread  ] [INFO ]                 macro        96.49        83.70        89.64          822
2026-07-03 23:27:02,692 [MainThread  ] [INFO ]  
2026-07-03 23:27:02,692 [MainThread  ] [INFO ]  --- NER on Classification ---
2026-07-03 23:27:02,692 [MainThread  ] [INFO ]  
2026-07-03 23:27:02,704 [MainThread  ] [INFO ]                  type    precision       recall     f1-score      support
2026-07-03 23:27:02,704 [MainThread  ] [INFO ]                    FN         0.00         0.00         0.00           37
2026-07-03 23:27:02,705 [MainThread  ] [INFO ]                   PER         0.00         0.00         0.00            1
2026-07-03 23:27:02,705 [MainThread  ] [INFO ]                    IV       100.00        96.69        98.32          151
2026-07-03 23:27:02,705 [MainThread  ] [INFO ]                    FC       100.00        90.86        95.21          197
2026-07-03 23:27:02,705 [MainThread  ] [INFO ]                    SN       100.00        16.67        28.57            6
2026-07-03 23:27:02,705 [MainThread  ] [INFO ]                   ORG        96.55        80.00        87.50           35
2026-07-03 23:27:02,705 [MainThread  ] [INFO ]                    IN        99.33        94.87        97.05          156
2026-07-03 23:27:02,705 [MainThread  ] [INFO ]                  SNum        99.46        76.57        86.52          239
2026-07-03 23:27:02,705 [MainThread  ] [INFO ]  
2026-07-03 23:27:02,705 [MainThread  ] [INFO ]                 micro        99.56        83.33        90.73          822
2026-07-03 23:27:02,705 [MainThread  ] [INFO ]                 macro        74.42        56.96        61.65          822
2026-07-03 23:27:02,728 [MainThread  ] [INFO ]  Best Dev-F1 score: 88.12260536398468, achieved at Epoch: 20, Test-F1: 89.32038834951456
2026-07-03 23:27:02,728 [MainThread  ] [INFO ]  Train epoch: 21
2026-07-03 23:29:28,990 [MainThread  ] [INFO ]  Evaluate: valid
2026-07-03 23:29:34,792 [MainThread  ] [INFO ]  Evaluation
2026-07-03 23:29:34,793 [MainThread  ] [INFO ]  
2026-07-03 23:29:34,793 [MainThread  ] [INFO ]  --- NER ---
2026-07-03 23:29:34,793 [MainThread  ] [INFO ]  
2026-07-03 23:29:34,814 [MainThread  ] [INFO ]                  type    precision       recall     f1-score      support
2026-07-03 23:29:34,814 [MainThread  ] [INFO ]                    FN        94.74        51.43        66.67           35
2026-07-03 23:29:34,814 [MainThread  ] [INFO ]                   PER         0.00         0.00         0.00            3
2026-07-03 23:29:34,814 [MainThread  ] [INFO ]                    IV       100.00       100.00       100.00           73
2026-07-03 23:29:34,814 [MainThread  ] [INFO ]                    FC        98.73        80.94        88.95          383
2026-07-03 23:29:34,815 [MainThread  ] [INFO ]                    SN        60.00        30.00        40.00           10
2026-07-03 23:29:34,815 [MainThread  ] [INFO ]                   ORG        83.33        75.00        78.95           40
2026-07-03 23:29:34,815 [MainThread  ] [INFO ]                    IN        94.94       100.00        97.40           75
2026-07-03 23:29:34,815 [MainThread  ] [INFO ]                  SNum        97.87        82.51        89.54          223
2026-07-03 23:29:34,815 [MainThread  ] [INFO ]  
2026-07-03 23:29:34,815 [MainThread  ] [INFO ]                 micro        96.92        82.30        89.02          842
2026-07-03 23:29:34,815 [MainThread  ] [INFO ]                 macro        78.70        64.98        70.19          842
2026-07-03 23:29:34,815 [MainThread  ] [INFO ]  
2026-07-03 23:29:34,815 [MainThread  ] [INFO ]  --- NER on Localization ---
2026-07-03 23:29:34,816 [MainThread  ] [INFO ]  
2026-07-03 23:29:34,833 [MainThread  ] [INFO ]                  type    precision       recall     f1-score      support
2026-07-03 23:29:34,833 [MainThread  ] [INFO ]                Entity        98.02        82.42        89.55          842
2026-07-03 23:29:34,833 [MainThread  ] [INFO ]  
2026-07-03 23:29:34,833 [MainThread  ] [INFO ]                 micro        98.02        82.42        89.55          842
2026-07-03 23:29:34,833 [MainThread  ] [INFO ]                 macro        98.02        82.42        89.55          842
2026-07-03 23:29:34,833 [MainThread  ] [INFO ]  
2026-07-03 23:29:34,834 [MainThread  ] [INFO ]  --- NER on Classification ---
2026-07-03 23:29:34,834 [MainThread  ] [INFO ]  
2026-07-03 23:29:34,847 [MainThread  ] [INFO ]                  type    precision       recall     f1-score      support
2026-07-03 23:29:34,847 [MainThread  ] [INFO ]                    FN       100.00        51.43        67.92           35
2026-07-03 23:29:34,847 [MainThread  ] [INFO ]                   PER         0.00         0.00         0.00            3
2026-07-03 23:29:34,847 [MainThread  ] [INFO ]                    IV       100.00       100.00       100.00           73
2026-07-03 23:29:34,847 [MainThread  ] [INFO ]                    FC        99.04        80.94        89.08          383
2026-07-03 23:29:34,847 [MainThread  ] [INFO ]                    SN       100.00        30.00        46.15           10
2026-07-03 23:29:34,848 [MainThread  ] [INFO ]                   ORG       100.00        75.00        85.71           40
2026-07-03 23:29:34,848 [MainThread  ] [INFO ]                    IN        94.94       100.00        97.40           75
2026-07-03 23:29:34,848 [MainThread  ] [INFO ]                  SNum        99.46        82.51        90.20          223
2026-07-03 23:29:34,848 [MainThread  ] [INFO ]  
2026-07-03 23:29:34,848 [MainThread  ] [INFO ]                 micro        98.86        82.30        89.83          842
2026-07-03 23:29:34,848 [MainThread  ] [INFO ]                 macro        86.68        64.98        72.06          842
2026-07-03 23:29:34,866 [MainThread  ] [INFO ]  Evaluate: test
2026-07-03 23:29:40,096 [MainThread  ] [INFO ]  Evaluation
2026-07-03 23:29:40,096 [MainThread  ] [INFO ]  
2026-07-03 23:29:40,097 [MainThread  ] [INFO ]  --- NER ---
2026-07-03 23:29:40,097 [MainThread  ] [INFO ]  
2026-07-03 23:29:40,116 [MainThread  ] [INFO ]                  type    precision       recall     f1-score      support
2026-07-03 23:29:40,117 [MainThread  ] [INFO ]                    FN       100.00         5.41        10.26           37
2026-07-03 23:29:40,117 [MainThread  ] [INFO ]                   PER         0.00         0.00         0.00            1
2026-07-03 23:29:40,117 [MainThread  ] [INFO ]                    IV        99.32        96.69        97.99          151
2026-07-03 23:29:40,117 [MainThread  ] [INFO ]                    FC        95.70        90.36        92.95          197
2026-07-03 23:29:40,117 [MainThread  ] [INFO ]                    SN       100.00        16.67        28.57            6
2026-07-03 23:29:40,117 [MainThread  ] [INFO ]                   ORG        72.50        82.86        77.33           35
2026-07-03 23:29:40,117 [MainThread  ] [INFO ]                    IN        97.39        95.51        96.44          156
2026-07-03 23:29:40,118 [MainThread  ] [INFO ]                  SNum        95.77        75.73        84.58          239
2026-07-03 23:29:40,118 [MainThread  ] [INFO ]  
2026-07-03 23:29:40,118 [MainThread  ] [INFO ]                 micro        95.54        83.45        89.09          822
2026-07-03 23:29:40,118 [MainThread  ] [INFO ]                 macro        82.58        57.90        61.01          822
2026-07-03 23:29:40,118 [MainThread  ] [INFO ]  
2026-07-03 23:29:40,118 [MainThread  ] [INFO ]  --- NER on Localization ---
2026-07-03 23:29:40,118 [MainThread  ] [INFO ]  
2026-07-03 23:29:40,476 [MainThread  ] [INFO ]                  type    precision       recall     f1-score      support
2026-07-03 23:29:40,476 [MainThread  ] [INFO ]                Entity        96.79        84.43        90.19          822
2026-07-03 23:29:40,476 [MainThread  ] [INFO ]  
2026-07-03 23:29:40,476 [MainThread  ] [INFO ]                 micro        96.79        84.43        90.19          822
2026-07-03 23:29:40,476 [MainThread  ] [INFO ]                 macro        96.79        84.43        90.19          822
2026-07-03 23:29:40,477 [MainThread  ] [INFO ]  
2026-07-03 23:29:40,477 [MainThread  ] [INFO ]  --- NER on Classification ---
2026-07-03 23:29:40,477 [MainThread  ] [INFO ]  
2026-07-03 23:29:40,489 [MainThread  ] [INFO ]                  type    precision       recall     f1-score      support
2026-07-03 23:29:40,489 [MainThread  ] [INFO ]                    FN       100.00         5.41        10.26           37
2026-07-03 23:29:40,489 [MainThread  ] [INFO ]                   PER         0.00         0.00         0.00            1
2026-07-03 23:29:40,489 [MainThread  ] [INFO ]                    IV        99.32        96.69        97.99          151
2026-07-03 23:29:40,490 [MainThread  ] [INFO ]                    FC        97.27        90.36        93.68          197
2026-07-03 23:29:40,490 [MainThread  ] [INFO ]                    SN       100.00        16.67        28.57            6
2026-07-03 23:29:40,490 [MainThread  ] [INFO ]                   ORG        93.55        82.86        87.88           35
2026-07-03 23:29:40,490 [MainThread  ] [INFO ]                    IN       100.00        95.51        97.70          156
2026-07-03 23:29:40,490 [MainThread  ] [INFO ]                  SNum        99.45        75.73        85.99          239
2026-07-03 23:29:40,490 [MainThread  ] [INFO ]  
2026-07-03 23:29:40,490 [MainThread  ] [INFO ]                 micro        98.71        83.45        90.44          822
2026-07-03 23:29:40,490 [MainThread  ] [INFO ]                 macro        86.20        57.90        62.76          822
2026-07-03 23:29:40,509 [MainThread  ] [INFO ]  Best F1 score update, from 88.12260536398468 to 89.01734104046243
2026-07-03 23:29:41,420 [MainThread  ] [INFO ]  Best Dev-F1 score: 89.01734104046243, achieved at Epoch: 22, Test-F1: 89.0909090909091
2026-07-03 23:29:41,420 [MainThread  ] [INFO ]  Train epoch: 22
2026-07-03 23:32:03,585 [MainThread  ] [INFO ]  Evaluate: valid
2026-07-03 23:32:09,446 [MainThread  ] [INFO ]  Evaluation
2026-07-03 23:32:09,446 [MainThread  ] [INFO ]  
2026-07-03 23:32:09,446 [MainThread  ] [INFO ]  --- NER ---
2026-07-03 23:32:09,446 [MainThread  ] [INFO ]  
2026-07-03 23:32:09,818 [MainThread  ] [INFO ]                  type    precision       recall     f1-score      support
2026-07-03 23:32:09,819 [MainThread  ] [INFO ]                    FN        94.74        51.43        66.67           35
2026-07-03 23:32:09,819 [MainThread  ] [INFO ]                   PER         0.00         0.00         0.00            3
2026-07-03 23:32:09,819 [MainThread  ] [INFO ]                    IV       100.00       100.00       100.00           73
2026-07-03 23:32:09,819 [MainThread  ] [INFO ]                    FC        95.36        85.90        90.38          383
2026-07-03 23:32:09,819 [MainThread  ] [INFO ]                    SN        60.00        30.00        40.00           10
2026-07-03 23:32:09,819 [MainThread  ] [INFO ]                   ORG        88.57        77.50        82.67           40
2026-07-03 23:32:09,819 [MainThread  ] [INFO ]                    IN        96.15       100.00        98.04           75
2026-07-03 23:32:09,820 [MainThread  ] [INFO ]                  SNum        95.83        82.51        88.67          223
2026-07-03 23:32:09,820 [MainThread  ] [INFO ]  
2026-07-03 23:32:09,820 [MainThread  ] [INFO ]                 micro        95.19        84.68        89.63          842
2026-07-03 23:32:09,820 [MainThread  ] [INFO ]                 macro        78.83        65.92        70.80          842
2026-07-03 23:32:09,820 [MainThread  ] [INFO ]  
2026-07-03 23:32:09,820 [MainThread  ] [INFO ]  --- NER on Localization ---
2026-07-03 23:32:09,820 [MainThread  ] [INFO ]  
2026-07-03 23:32:09,838 [MainThread  ] [INFO ]                  type    precision       recall     f1-score      support
2026-07-03 23:32:09,838 [MainThread  ] [INFO ]                Entity        96.88        84.92        90.51          842
2026-07-03 23:32:09,838 [MainThread  ] [INFO ]  
2026-07-03 23:32:09,838 [MainThread  ] [INFO ]                 micro        96.88        84.92        90.51          842
2026-07-03 23:32:09,838 [MainThread  ] [INFO ]                 macro        96.88        84.92        90.51          842
2026-07-03 23:32:09,838 [MainThread  ] [INFO ]  
2026-07-03 23:32:09,838 [MainThread  ] [INFO ]  --- NER on Classification ---
2026-07-03 23:32:09,838 [MainThread  ] [INFO ]  
2026-07-03 23:32:09,852 [MainThread  ] [INFO ]                  type    precision       recall     f1-score      support
2026-07-03 23:32:09,852 [MainThread  ] [INFO ]                    FN        94.74        51.43        66.67           35
2026-07-03 23:32:09,852 [MainThread  ] [INFO ]                   PER         0.00         0.00         0.00            3
2026-07-03 23:32:09,852 [MainThread  ] [INFO ]                    IV       100.00       100.00       100.00           73
2026-07-03 23:32:09,852 [MainThread  ] [INFO ]                    FC        97.92        85.90        91.52          383
2026-07-03 23:32:09,852 [MainThread  ] [INFO ]                    SN        75.00        30.00        42.86           10
2026-07-03 23:32:09,852 [MainThread  ] [INFO ]                   ORG       100.00        77.50        87.32           40
2026-07-03 23:32:09,852 [MainThread  ] [INFO ]                    IN        96.15       100.00        98.04           75
2026-07-03 23:32:09,853 [MainThread  ] [INFO ]                  SNum        99.46        82.51        90.20          223
2026-07-03 23:32:09,853 [MainThread  ] [INFO ]  
2026-07-03 23:32:09,853 [MainThread  ] [INFO ]                 micro        98.21        84.68        90.94          842
2026-07-03 23:32:09,853 [MainThread  ] [INFO ]                 macro        82.91        65.92        72.07          842
2026-07-03 23:32:09,874 [MainThread  ] [INFO ]  Evaluate: test
2026-07-03 23:32:15,046 [MainThread  ] [INFO ]  Evaluation
2026-07-03 23:32:15,046 [MainThread  ] [INFO ]  
2026-07-03 23:32:15,046 [MainThread  ] [INFO ]  --- NER ---
2026-07-03 23:32:15,047 [MainThread  ] [INFO ]  
2026-07-03 23:32:15,068 [MainThread  ] [INFO ]                  type    precision       recall     f1-score      support
2026-07-03 23:32:15,068 [MainThread  ] [INFO ]                    FN       100.00         2.70         5.26           37
2026-07-03 23:32:15,068 [MainThread  ] [INFO ]                   PER         0.00         0.00         0.00            1
2026-07-03 23:32:15,068 [MainThread  ] [INFO ]                    IV       100.00        96.69        98.32          151
2026-07-03 23:32:15,069 [MainThread  ] [INFO ]                    FC        97.38        94.42        95.88          197
2026-07-03 23:32:15,069 [MainThread  ] [INFO ]                    SN       100.00        16.67        28.57            6
2026-07-03 23:32:15,069 [MainThread  ] [INFO ]                   ORG        80.56        82.86        81.69           35
2026-07-03 23:32:15,069 [MainThread  ] [INFO ]                    IN        98.03        95.51        96.75          156
2026-07-03 23:32:15,069 [MainThread  ] [INFO ]                  SNum        94.69        82.01        87.89          239
2026-07-03 23:32:15,069 [MainThread  ] [INFO ]  
2026-07-03 23:32:15,069 [MainThread  ] [INFO ]                 micro        96.46        86.13        91.00          822
2026-07-03 23:32:15,069 [MainThread  ] [INFO ]                 macro        83.83        58.86        61.80          822
2026-07-03 23:32:15,069 [MainThread  ] [INFO ]  
2026-07-03 23:32:15,070 [MainThread  ] [INFO ]  --- NER on Localization ---
2026-07-03 23:32:15,070 [MainThread  ] [INFO ]  
2026-07-03 23:32:15,086 [MainThread  ] [INFO ]                  type    precision       recall     f1-score      support
2026-07-03 23:32:15,086 [MainThread  ] [INFO ]                Entity        96.46        86.13        91.00          822
2026-07-03 23:32:15,087 [MainThread  ] [INFO ]  
2026-07-03 23:32:15,087 [MainThread  ] [INFO ]                 micro        96.46        86.13        91.00          822
2026-07-03 23:32:15,087 [MainThread  ] [INFO ]                 macro        96.46        86.13        91.00          822
2026-07-03 23:32:15,087 [MainThread  ] [INFO ]  
2026-07-03 23:32:15,087 [MainThread  ] [INFO ]  --- NER on Classification ---
2026-07-03 23:32:15,087 [MainThread  ] [INFO ]  
2026-07-03 23:32:15,100 [MainThread  ] [INFO ]                  type    precision       recall     f1-score      support
2026-07-03 23:32:15,100 [MainThread  ] [INFO ]                    FN       100.00         2.70         5.26           37
2026-07-03 23:32:15,100 [MainThread  ] [INFO ]                   PER         0.00         0.00         0.00            1
2026-07-03 23:32:15,100 [MainThread  ] [INFO ]                    IV       100.00        96.69        98.32          151
2026-07-03 23:32:15,100 [MainThread  ] [INFO ]                    FC       100.00        94.42        97.13          197
2026-07-03 23:32:15,100 [MainThread  ] [INFO ]                    SN       100.00        16.67        28.57            6
2026-07-03 23:32:15,100 [MainThread  ] [INFO ]                   ORG       100.00        82.86        90.62           35
2026-07-03 23:32:15,101 [MainThread  ] [INFO ]                    IN       100.00        95.51        97.70          156
2026-07-03 23:32:15,101 [MainThread  ] [INFO ]                  SNum       100.00        82.01        90.11          239
2026-07-03 23:32:15,101 [MainThread  ] [INFO ]  
2026-07-03 23:32:15,101 [MainThread  ] [INFO ]                 micro       100.00        86.13        92.55          822
2026-07-03 23:32:15,101 [MainThread  ] [INFO ]                 macro        87.50        58.86        63.47          822
2026-07-03 23:32:15,124 [MainThread  ] [INFO ]  Best F1 score update, from 89.01734104046243 to 89.6291640477687
2026-07-03 23:32:16,053 [MainThread  ] [INFO ]  Best Dev-F1 score: 89.6291640477687, achieved at Epoch: 23, Test-F1: 91.00257069408741
2026-07-03 23:32:16,053 [MainThread  ] [INFO ]  Train epoch: 23
2026-07-03 23:34:40,334 [MainThread  ] [INFO ]  Evaluate: valid
2026-07-03 23:34:46,090 [MainThread  ] [INFO ]  Evaluation
2026-07-03 23:34:46,090 [MainThread  ] [INFO ]  
2026-07-03 23:34:46,090 [MainThread  ] [INFO ]  --- NER ---
2026-07-03 23:34:46,090 [MainThread  ] [INFO ]  
2026-07-03 23:34:46,115 [MainThread  ] [INFO ]                  type    precision       recall     f1-score      support
2026-07-03 23:34:46,115 [MainThread  ] [INFO ]                    FN        94.74        51.43        66.67           35
2026-07-03 23:34:46,115 [MainThread  ] [INFO ]                   PER         0.00         0.00         0.00            3
2026-07-03 23:34:46,115 [MainThread  ] [INFO ]                    IV       100.00       100.00       100.00           73
2026-07-03 23:34:46,115 [MainThread  ] [INFO ]                    FC        95.61        85.38        90.21          383
2026-07-03 23:34:46,116 [MainThread  ] [INFO ]                    SN        60.00        30.00        40.00           10
2026-07-03 23:34:46,116 [MainThread  ] [INFO ]                   ORG        90.91        75.00        82.19           40
2026-07-03 23:34:46,116 [MainThread  ] [INFO ]                    IN       100.00       100.00       100.00           75
2026-07-03 23:34:46,116 [MainThread  ] [INFO ]                  SNum        89.81        87.00        88.38          223
2026-07-03 23:34:46,116 [MainThread  ] [INFO ]  
2026-07-03 23:34:46,116 [MainThread  ] [INFO ]                 micro        94.12        85.51        89.61          842
2026-07-03 23:34:46,116 [MainThread  ] [INFO ]                 macro        78.88        66.10        70.93          842
2026-07-03 23:34:46,116 [MainThread  ] [INFO ]  
2026-07-03 23:34:46,117 [MainThread  ] [INFO ]  --- NER on Localization ---
2026-07-03 23:34:46,117 [MainThread  ] [INFO ]  
2026-07-03 23:34:46,136 [MainThread  ] [INFO ]                  type    precision       recall     f1-score      support
2026-07-03 23:34:46,136 [MainThread  ] [INFO ]                Entity        96.28        86.10        90.91          842
2026-07-03 23:34:46,137 [MainThread  ] [INFO ]  
2026-07-03 23:34:46,137 [MainThread  ] [INFO ]                 micro        96.28        86.10        90.91          842
2026-07-03 23:34:46,137 [MainThread  ] [INFO ]                 macro        96.28        86.10        90.91          842
2026-07-03 23:34:46,137 [MainThread  ] [INFO ]  
2026-07-03 23:34:46,137 [MainThread  ] [INFO ]  --- NER on Classification ---
2026-07-03 23:34:46,137 [MainThread  ] [INFO ]  
2026-07-03 23:34:46,150 [MainThread  ] [INFO ]                  type    precision       recall     f1-score      support
2026-07-03 23:34:46,150 [MainThread  ] [INFO ]                    FN        94.74        51.43        66.67           35
2026-07-03 23:34:46,150 [MainThread  ] [INFO ]                   PER         0.00         0.00         0.00            3
2026-07-03 23:34:46,151 [MainThread  ] [INFO ]                    IV       100.00       100.00       100.00           73
2026-07-03 23:34:46,151 [MainThread  ] [INFO ]                    FC        97.90        85.38        91.21          383
2026-07-03 23:34:46,151 [MainThread  ] [INFO ]                    SN        75.00        30.00        42.86           10
2026-07-03 23:34:46,151 [MainThread  ] [INFO ]                   ORG       100.00        75.00        85.71           40
2026-07-03 23:34:46,151 [MainThread  ] [INFO ]                    IN       100.00       100.00       100.00           75
2026-07-03 23:34:46,151 [MainThread  ] [INFO ]                  SNum        96.52        87.00        91.51          223
2026-07-03 23:34:46,151 [MainThread  ] [INFO ]  
2026-07-03 23:34:46,151 [MainThread  ] [INFO ]                 micro        97.83        85.51        91.25          842
2026-07-03 23:34:46,151 [MainThread  ] [INFO ]                 macro        83.02        66.10        72.25          842
2026-07-03 23:34:46,168 [MainThread  ] [INFO ]  Evaluate: test
2026-07-03 23:34:51,468 [MainThread  ] [INFO ]  Evaluation
2026-07-03 23:34:51,468 [MainThread  ] [INFO ]  
2026-07-03 23:34:51,468 [MainThread  ] [INFO ]  --- NER ---
2026-07-03 23:34:51,468 [MainThread  ] [INFO ]  
2026-07-03 23:34:51,870 [MainThread  ] [INFO ]                  type    precision       recall     f1-score      support
2026-07-03 23:34:51,871 [MainThread  ] [INFO ]                    FN        75.00         8.11        14.63           37
2026-07-03 23:34:51,872 [MainThread  ] [INFO ]                   PER         0.00         0.00         0.00            1
2026-07-03 23:34:51,872 [MainThread  ] [INFO ]                    IV       100.00        96.69        98.32          151
2026-07-03 23:34:51,872 [MainThread  ] [INFO ]                    FC        96.79        91.88        94.27          197
2026-07-03 23:34:51,872 [MainThread  ] [INFO ]                    SN       100.00        16.67        28.57            6
2026-07-03 23:34:51,872 [MainThread  ] [INFO ]                   ORG        78.38        82.86        80.56           35
2026-07-03 23:34:51,873 [MainThread  ] [INFO ]                    IN        98.68        95.51        97.07          156
2026-07-03 23:34:51,873 [MainThread  ] [INFO ]                  SNum        93.15        85.36        89.08          239
2026-07-03 23:34:51,873 [MainThread  ] [INFO ]  
2026-07-03 23:34:51,873 [MainThread  ] [INFO ]                 micro        95.70        86.74        91.00          822
2026-07-03 23:34:51,873 [MainThread  ] [INFO ]                 macro        80.25        59.63        62.81          822
2026-07-03 23:34:51,873 [MainThread  ] [INFO ]  
2026-07-03 23:34:51,873 [MainThread  ] [INFO ]  --- NER on Localization ---
2026-07-03 23:34:51,874 [MainThread  ] [INFO ]  
2026-07-03 23:34:51,892 [MainThread  ] [INFO ]                  type    precision       recall     f1-score      support
2026-07-03 23:34:51,892 [MainThread  ] [INFO ]                Entity        96.10        86.98        91.32          822
2026-07-03 23:34:51,892 [MainThread  ] [INFO ]  
2026-07-03 23:34:51,892 [MainThread  ] [INFO ]                 micro        96.10        86.98        91.32          822
2026-07-03 23:34:51,892 [MainThread  ] [INFO ]                 macro        96.10        86.98        91.32          822
2026-07-03 23:34:51,892 [MainThread  ] [INFO ]  
2026-07-03 23:34:51,893 [MainThread  ] [INFO ]  --- NER on Classification ---
2026-07-03 23:34:51,893 [MainThread  ] [INFO ]  
2026-07-03 23:34:51,905 [MainThread  ] [INFO ]                  type    precision       recall     f1-score      support
2026-07-03 23:34:51,905 [MainThread  ] [INFO ]                    FN       100.00         8.11        15.00           37
2026-07-03 23:34:51,906 [MainThread  ] [INFO ]                   PER         0.00         0.00         0.00            1
2026-07-03 23:34:51,906 [MainThread  ] [INFO ]                    IV       100.00        96.69        98.32          151
2026-07-03 23:34:51,906 [MainThread  ] [INFO ]                    FC       100.00        91.88        95.77          197
2026-07-03 23:34:51,906 [MainThread  ] [INFO ]                    SN       100.00        16.67        28.57            6
2026-07-03 23:34:51,906 [MainThread  ] [INFO ]                   ORG       100.00        82.86        90.62           35
2026-07-03 23:34:51,906 [MainThread  ] [INFO ]                    IN       100.00        95.51        97.70          156
2026-07-03 23:34:51,906 [MainThread  ] [INFO ]                  SNum        99.03        85.36        91.69          239
2026-07-03 23:34:51,906 [MainThread  ] [INFO ]  
2026-07-03 23:34:51,906 [MainThread  ] [INFO ]                 micro        99.72        86.74        92.78          822
2026-07-03 23:34:51,907 [MainThread  ] [INFO ]                 macro        87.38        59.63        64.71          822
2026-07-03 23:34:51,930 [MainThread  ] [INFO ]  Best Dev-F1 score: 89.6291640477687, achieved at Epoch: 23, Test-F1: 91.00257069408741
2026-07-03 23:34:51,930 [MainThread  ] [INFO ]  Train epoch: 24
2026-07-03 23:37:15,707 [MainThread  ] [INFO ]  Evaluate: valid
2026-07-03 23:37:21,553 [MainThread  ] [INFO ]  Evaluation
2026-07-03 23:37:21,554 [MainThread  ] [INFO ]  
2026-07-03 23:37:21,554 [MainThread  ] [INFO ]  --- NER ---
2026-07-03 23:37:21,554 [MainThread  ] [INFO ]  
2026-07-03 23:37:21,932 [MainThread  ] [INFO ]                  type    precision       recall     f1-score      support
2026-07-03 23:37:21,932 [MainThread  ] [INFO ]                    FN        90.48        54.29        67.86           35
2026-07-03 23:37:21,932 [MainThread  ] [INFO ]                   PER         0.00         0.00         0.00            3
2026-07-03 23:37:21,932 [MainThread  ] [INFO ]                    IV       100.00       100.00       100.00           73
2026-07-03 23:37:21,932 [MainThread  ] [INFO ]                    FC        97.37        86.95        91.86          383
2026-07-03 23:37:21,933 [MainThread  ] [INFO ]                    SN        66.67        20.00        30.77           10
2026-07-03 23:37:21,933 [MainThread  ] [INFO ]                   ORG        93.94        77.50        84.93           40
2026-07-03 23:37:21,933 [MainThread  ] [INFO ]                    IN       100.00       100.00       100.00           75
2026-07-03 23:37:21,933 [MainThread  ] [INFO ]                  SNum        96.46        85.65        90.74          223
2026-07-03 23:37:21,933 [MainThread  ] [INFO ]  
2026-07-03 23:37:21,933 [MainThread  ] [INFO ]                 micro        97.18        85.99        91.24          842
2026-07-03 23:37:21,933 [MainThread  ] [INFO ]                 macro        80.61        65.55        70.77          842
2026-07-03 23:37:21,933 [MainThread  ] [INFO ]  
2026-07-03 23:37:21,933 [MainThread  ] [INFO ]  --- NER on Localization ---
2026-07-03 23:37:21,934 [MainThread  ] [INFO ]  
2026-07-03 23:37:21,951 [MainThread  ] [INFO ]                  type    precision       recall     f1-score      support
2026-07-03 23:37:21,952 [MainThread  ] [INFO ]                Entity        98.24        86.22        91.84          842
2026-07-03 23:37:21,952 [MainThread  ] [INFO ]  
2026-07-03 23:37:21,952 [MainThread  ] [INFO ]                 micro        98.24        86.22        91.84          842
2026-07-03 23:37:21,952 [MainThread  ] [INFO ]                 macro        98.24        86.22        91.84          842
2026-07-03 23:37:21,952 [MainThread  ] [INFO ]  
2026-07-03 23:37:21,952 [MainThread  ] [INFO ]  --- NER on Classification ---
2026-07-03 23:37:21,952 [MainThread  ] [INFO ]  
2026-07-03 23:37:21,966 [MainThread  ] [INFO ]                  type    precision       recall     f1-score      support
2026-07-03 23:37:21,966 [MainThread  ] [INFO ]                    FN        90.48        54.29        67.86           35
2026-07-03 23:37:21,966 [MainThread  ] [INFO ]                   PER         0.00         0.00         0.00            3
2026-07-03 23:37:21,966 [MainThread  ] [INFO ]                    IV       100.00       100.00       100.00           73
2026-07-03 23:37:21,966 [MainThread  ] [INFO ]                    FC        98.23        86.95        92.24          383
2026-07-03 23:37:21,967 [MainThread  ] [INFO ]                    SN       100.00        20.00        33.33           10
2026-07-03 23:37:21,967 [MainThread  ] [INFO ]                   ORG       100.00        77.50        87.32           40
2026-07-03 23:37:21,967 [MainThread  ] [INFO ]                    IN       100.00       100.00       100.00           75
2026-07-03 23:37:21,967 [MainThread  ] [INFO ]                  SNum       100.00        85.65        92.27          223
2026-07-03 23:37:21,967 [MainThread  ] [INFO ]  
2026-07-03 23:37:21,967 [MainThread  ] [INFO ]                 micro        98.91        85.99        91.99          842
2026-07-03 23:37:21,967 [MainThread  ] [INFO ]                 macro        86.09        65.55        71.63          842
2026-07-03 23:37:21,987 [MainThread  ] [INFO ]  Evaluate: test
2026-07-03 23:37:27,215 [MainThread  ] [INFO ]  Evaluation
2026-07-03 23:37:27,216 [MainThread  ] [INFO ]  
2026-07-03 23:37:27,216 [MainThread  ] [INFO ]  --- NER ---
2026-07-03 23:37:27,216 [MainThread  ] [INFO ]  
2026-07-03 23:37:27,235 [MainThread  ] [INFO ]                  type    precision       recall     f1-score      support
2026-07-03 23:37:27,235 [MainThread  ] [INFO ]                    FN        66.67         5.41        10.00           37
2026-07-03 23:37:27,236 [MainThread  ] [INFO ]                   PER         0.00         0.00         0.00            1
2026-07-03 23:37:27,236 [MainThread  ] [INFO ]                    IV       100.00        96.69        98.32          151
2026-07-03 23:37:27,236 [MainThread  ] [INFO ]                    FC        92.20        95.94        94.03          197
2026-07-03 23:37:27,236 [MainThread  ] [INFO ]                    SN       100.00        16.67        28.57            6
2026-07-03 23:37:27,236 [MainThread  ] [INFO ]                   ORG        68.18        85.71        75.95           35
2026-07-03 23:37:27,236 [MainThread  ] [INFO ]                    IN        99.33        95.51        97.39          156
2026-07-03 23:37:27,237 [MainThread  ] [INFO ]                  SNum        95.39        86.61        90.79          239
2026-07-03 23:37:27,237 [MainThread  ] [INFO ]  
2026-07-03 23:37:27,237 [MainThread  ] [INFO ]                 micro        94.52        88.08        91.18          822
2026-07-03 23:37:27,237 [MainThread  ] [INFO ]                 macro        77.72        60.32        61.88          822
2026-07-03 23:37:27,237 [MainThread  ] [INFO ]  
2026-07-03 23:37:27,237 [MainThread  ] [INFO ]  --- NER on Localization ---
2026-07-03 23:37:27,237 [MainThread  ] [INFO ]  
2026-07-03 23:37:27,253 [MainThread  ] [INFO ]                  type    precision       recall     f1-score      support
2026-07-03 23:37:27,253 [MainThread  ] [INFO ]                Entity        96.85        89.66        93.11          822
2026-07-03 23:37:27,253 [MainThread  ] [INFO ]  
2026-07-03 23:37:27,254 [MainThread  ] [INFO ]                 micro        96.85        89.66        93.11          822
2026-07-03 23:37:27,254 [MainThread  ] [INFO ]                 macro        96.85        89.66        93.11          822
2026-07-03 23:37:27,254 [MainThread  ] [INFO ]  
2026-07-03 23:37:27,254 [MainThread  ] [INFO ]  --- NER on Classification ---
2026-07-03 23:37:27,254 [MainThread  ] [INFO ]  
2026-07-03 23:37:27,267 [MainThread  ] [INFO ]                  type    precision       recall     f1-score      support
2026-07-03 23:37:27,267 [MainThread  ] [INFO ]                    FN        66.67         5.41        10.00           37
2026-07-03 23:37:27,267 [MainThread  ] [INFO ]                   PER         0.00         0.00         0.00            1
2026-07-03 23:37:27,267 [MainThread  ] [INFO ]                    IV       100.00        96.69        98.32          151
2026-07-03 23:37:27,267 [MainThread  ] [INFO ]                    FC        94.97        95.94        95.45          197
2026-07-03 23:37:27,267 [MainThread  ] [INFO ]                    SN       100.00        16.67        28.57            6
2026-07-03 23:37:27,267 [MainThread  ] [INFO ]                   ORG        83.33        85.71        84.51           35
2026-07-03 23:37:27,268 [MainThread  ] [INFO ]                    IN       100.00        95.51        97.70          156
2026-07-03 23:37:27,268 [MainThread  ] [INFO ]                  SNum        99.52        86.61        92.62          239
2026-07-03 23:37:27,268 [MainThread  ] [INFO ]  
2026-07-03 23:37:27,268 [MainThread  ] [INFO ]                 micro        97.57        88.08        92.58          822
2026-07-03 23:37:27,268 [MainThread  ] [INFO ]                 macro        80.56        60.32        63.40          822
2026-07-03 23:37:27,286 [MainThread  ] [INFO ]  Best F1 score update, from 89.6291640477687 to 91.24133585381222
2026-07-03 23:37:28,150 [MainThread  ] [INFO ]  Best Dev-F1 score: 91.24133585381222, achieved at Epoch: 25, Test-F1: 91.183879093199
2026-07-03 23:37:28,150 [MainThread  ] [INFO ]  Train epoch: 25
2026-07-03 23:39:55,322 [MainThread  ] [INFO ]  Evaluate: valid
2026-07-03 23:40:01,182 [MainThread  ] [INFO ]  Evaluation
2026-07-03 23:40:01,182 [MainThread  ] [INFO ]  
2026-07-03 23:40:01,182 [MainThread  ] [INFO ]  --- NER ---
2026-07-03 23:40:01,182 [MainThread  ] [INFO ]  
2026-07-03 23:40:01,204 [MainThread  ] [INFO ]                  type    precision       recall     f1-score      support
2026-07-03 23:40:01,204 [MainThread  ] [INFO ]                    FN       100.00        54.29        70.37           35
2026-07-03 23:40:01,204 [MainThread  ] [INFO ]                   PER         0.00         0.00         0.00            3
2026-07-03 23:40:01,204 [MainThread  ] [INFO ]                    IV       100.00       100.00       100.00           73
2026-07-03 23:40:01,204 [MainThread  ] [INFO ]                    FC        96.52        86.95        91.48          383
2026-07-03 23:40:01,204 [MainThread  ] [INFO ]                    SN        42.86        30.00        35.29           10
2026-07-03 23:40:01,205 [MainThread  ] [INFO ]                   ORG        90.91        75.00        82.19           40
2026-07-03 23:40:01,205 [MainThread  ] [INFO ]                    IN       100.00       100.00       100.00           75
2026-07-03 23:40:01,205 [MainThread  ] [INFO ]                  SNum        95.00        85.20        89.83          223
2026-07-03 23:40:01,205 [MainThread  ] [INFO ]  
2026-07-03 23:40:01,205 [MainThread  ] [INFO ]                 micro        95.76        85.87        90.54          842
2026-07-03 23:40:01,205 [MainThread  ] [INFO ]                 macro        78.16        66.43        71.15          842
2026-07-03 23:40:01,205 [MainThread  ] [INFO ]  
2026-07-03 23:40:01,205 [MainThread  ] [INFO ]  --- NER on Localization ---
2026-07-03 23:40:01,206 [MainThread  ] [INFO ]  
2026-07-03 23:40:01,224 [MainThread  ] [INFO ]                  type    precision       recall     f1-score      support
2026-07-03 23:40:01,224 [MainThread  ] [INFO ]                Entity        96.93        86.10        91.19          842
2026-07-03 23:40:01,224 [MainThread  ] [INFO ]  
2026-07-03 23:40:01,224 [MainThread  ] [INFO ]                 micro        96.93        86.10        91.19          842
2026-07-03 23:40:01,224 [MainThread  ] [INFO ]                 macro        96.93        86.10        91.19          842
2026-07-03 23:40:01,225 [MainThread  ] [INFO ]  
2026-07-03 23:40:01,225 [MainThread  ] [INFO ]  --- NER on Classification ---
2026-07-03 23:40:01,225 [MainThread  ] [INFO ]  
2026-07-03 23:40:01,239 [MainThread  ] [INFO ]                  type    precision       recall     f1-score      support
2026-07-03 23:40:01,239 [MainThread  ] [INFO ]                    FN       100.00        54.29        70.37           35
2026-07-03 23:40:01,239 [MainThread  ] [INFO ]                   PER         0.00         0.00         0.00            3
2026-07-03 23:40:01,239 [MainThread  ] [INFO ]                    IV       100.00       100.00       100.00           73
2026-07-03 23:40:01,239 [MainThread  ] [INFO ]                    FC        98.81        86.95        92.50          383
2026-07-03 23:40:01,240 [MainThread  ] [INFO ]                    SN        60.00        30.00        40.00           10
2026-07-03 23:40:01,240 [MainThread  ] [INFO ]                   ORG       100.00        75.00        85.71           40
2026-07-03 23:40:01,240 [MainThread  ] [INFO ]                    IN       100.00       100.00       100.00           75
2026-07-03 23:40:01,240 [MainThread  ] [INFO ]                  SNum        98.45        85.20        91.35          223
2026-07-03 23:40:01,240 [MainThread  ] [INFO ]  
2026-07-03 23:40:01,240 [MainThread  ] [INFO ]                 micro        98.77        85.87        91.87          842
2026-07-03 23:40:01,240 [MainThread  ] [INFO ]                 macro        82.16        66.43        72.49          842
2026-07-03 23:40:01,263 [MainThread  ] [INFO ]  Evaluate: test
2026-07-03 23:40:06,954 [MainThread  ] [INFO ]  Evaluation
2026-07-03 23:40:06,954 [MainThread  ] [INFO ]  
2026-07-03 23:40:06,954 [MainThread  ] [INFO ]  --- NER ---
2026-07-03 23:40:06,955 [MainThread  ] [INFO ]  
2026-07-03 23:40:06,974 [MainThread  ] [INFO ]                  type    precision       recall     f1-score      support
2026-07-03 23:40:06,974 [MainThread  ] [INFO ]                    FN        83.33        27.03        40.82           37
2026-07-03 23:40:06,975 [MainThread  ] [INFO ]                   PER         0.00         0.00         0.00            1
2026-07-03 23:40:06,975 [MainThread  ] [INFO ]                    IV       100.00        96.69        98.32          151
2026-07-03 23:40:06,975 [MainThread  ] [INFO ]                    FC        97.40        94.92        96.14          197
2026-07-03 23:40:06,975 [MainThread  ] [INFO ]                    SN       100.00        16.67        28.57            6
2026-07-03 23:40:06,975 [MainThread  ] [INFO ]                   ORG        87.88        82.86        85.29           35
2026-07-03 23:40:06,975 [MainThread  ] [INFO ]                    IN        99.33        95.51        97.39          156
2026-07-03 23:40:06,975 [MainThread  ] [INFO ]                  SNum        94.23        82.01        87.70          239
2026-07-03 23:40:06,975 [MainThread  ] [INFO ]  
2026-07-03 23:40:06,975 [MainThread  ] [INFO ]                 micro        96.77        87.35        91.82          822
2026-07-03 23:40:06,976 [MainThread  ] [INFO ]                 macro        82.77        61.96        66.78          822
2026-07-03 23:40:06,976 [MainThread  ] [INFO ]  
2026-07-03 23:40:06,976 [MainThread  ] [INFO ]  --- NER on Localization ---
2026-07-03 23:40:06,976 [MainThread  ] [INFO ]  
2026-07-03 23:40:06,993 [MainThread  ] [INFO ]                  type    precision       recall     f1-score      support
2026-07-03 23:40:07,000 [MainThread  ] [INFO ]                Entity        97.56        87.59        92.31          822
2026-07-03 23:40:07,000 [MainThread  ] [INFO ]  
2026-07-03 23:40:07,000 [MainThread  ] [INFO ]                 micro        97.56        87.59        92.31          822
2026-07-03 23:40:07,001 [MainThread  ] [INFO ]                 macro        97.56        87.59        92.31          822
2026-07-03 23:40:07,001 [MainThread  ] [INFO ]  
2026-07-03 23:40:07,001 [MainThread  ] [INFO ]  --- NER on Classification ---
2026-07-03 23:40:07,001 [MainThread  ] [INFO ]  
2026-07-03 23:40:07,016 [MainThread  ] [INFO ]                  type    precision       recall     f1-score      support
2026-07-03 23:40:07,017 [MainThread  ] [INFO ]                    FN       100.00        27.03        42.55           37
2026-07-03 23:40:07,017 [MainThread  ] [INFO ]                   PER         0.00         0.00         0.00            1
2026-07-03 23:40:07,017 [MainThread  ] [INFO ]                    IV       100.00        96.69        98.32          151
2026-07-03 23:40:07,017 [MainThread  ] [INFO ]                    FC        98.42        94.92        96.64          197
2026-07-03 23:40:07,017 [MainThread  ] [INFO ]                    SN       100.00        16.67        28.57            6
2026-07-03 23:40:07,017 [MainThread  ] [INFO ]                   ORG       100.00        82.86        90.62           35
2026-07-03 23:40:07,017 [MainThread  ] [INFO ]                    IN       100.00        95.51        97.70          156
2026-07-03 23:40:07,018 [MainThread  ] [INFO ]                  SNum        98.49        82.01        89.50          239
2026-07-03 23:40:07,018 [MainThread  ] [INFO ]  
2026-07-03 23:40:07,018 [MainThread  ] [INFO ]                 micro        99.17        87.35        92.88          822
2026-07-03 23:40:07,018 [MainThread  ] [INFO ]                 macro        87.11        61.96        67.99          822
2026-07-03 23:40:07,049 [MainThread  ] [INFO ]  Best Dev-F1 score: 91.24133585381222, achieved at Epoch: 25, Test-F1: 91.183879093199
2026-07-03 23:40:07,049 [MainThread  ] [INFO ]  Train epoch: 26
2026-07-03 23:42:33,517 [MainThread  ] [INFO ]  Evaluate: valid
2026-07-03 23:42:39,871 [MainThread  ] [INFO ]  Evaluation
2026-07-03 23:42:39,871 [MainThread  ] [INFO ]  
2026-07-03 23:42:39,871 [MainThread  ] [INFO ]  --- NER ---
2026-07-03 23:42:39,871 [MainThread  ] [INFO ]  
2026-07-03 23:42:39,891 [MainThread  ] [INFO ]                  type    precision       recall     f1-score      support
2026-07-03 23:42:39,891 [MainThread  ] [INFO ]                    FN       100.00        54.29        70.37           35
2026-07-03 23:42:39,892 [MainThread  ] [INFO ]                   PER         0.00         0.00         0.00            3
2026-07-03 23:42:39,892 [MainThread  ] [INFO ]                    IV       100.00       100.00       100.00           73
2026-07-03 23:42:39,892 [MainThread  ] [INFO ]                    FC        96.26        87.47        91.66          383
2026-07-03 23:42:39,892 [MainThread  ] [INFO ]                    SN        80.00        40.00        53.33           10
2026-07-03 23:42:39,892 [MainThread  ] [INFO ]                   ORG        88.57        77.50        82.67           40
2026-07-03 23:42:39,892 [MainThread  ] [INFO ]                    IN       100.00       100.00       100.00           75
2026-07-03 23:42:39,892 [MainThread  ] [INFO ]                  SNum        95.10        87.00        90.87          223
2026-07-03 23:42:39,893 [MainThread  ] [INFO ]  
2026-07-03 23:42:39,893 [MainThread  ] [INFO ]                 micro        95.93        86.82        91.15          842
2026-07-03 23:42:39,893 [MainThread  ] [INFO ]                 macro        82.49        68.28        73.61          842
2026-07-03 23:42:39,893 [MainThread  ] [INFO ]  
2026-07-03 23:42:39,893 [MainThread  ] [INFO ]  --- NER on Localization ---
2026-07-03 23:42:39,893 [MainThread  ] [INFO ]  
2026-07-03 23:42:39,910 [MainThread  ] [INFO ]                  type    precision       recall     f1-score      support
2026-07-03 23:42:39,910 [MainThread  ] [INFO ]                Entity        97.09        87.17        91.86          842
2026-07-03 23:42:39,910 [MainThread  ] [INFO ]  
2026-07-03 23:42:39,910 [MainThread  ] [INFO ]                 micro        97.09        87.17        91.86          842
2026-07-03 23:42:39,911 [MainThread  ] [INFO ]                 macro        97.09        87.17        91.86          842
2026-07-03 23:42:39,911 [MainThread  ] [INFO ]  
2026-07-03 23:42:39,911 [MainThread  ] [INFO ]  --- NER on Classification ---
2026-07-03 23:42:39,911 [MainThread  ] [INFO ]  
2026-07-03 23:42:39,924 [MainThread  ] [INFO ]                  type    precision       recall     f1-score      support
2026-07-03 23:42:39,924 [MainThread  ] [INFO ]                    FN       100.00        54.29        70.37           35
2026-07-03 23:42:39,924 [MainThread  ] [INFO ]                   PER         0.00         0.00         0.00            3
2026-07-03 23:42:39,924 [MainThread  ] [INFO ]                    IV       100.00       100.00       100.00           73
2026-07-03 23:42:39,924 [MainThread  ] [INFO ]                    FC        98.24        87.47        92.54          383
2026-07-03 23:42:39,924 [MainThread  ] [INFO ]                    SN        80.00        40.00        53.33           10
2026-07-03 23:42:39,924 [MainThread  ] [INFO ]                   ORG       100.00        77.50        87.32           40
2026-07-03 23:42:39,925 [MainThread  ] [INFO ]                    IN       100.00       100.00       100.00           75
2026-07-03 23:42:39,925 [MainThread  ] [INFO ]                  SNum        99.49        87.00        92.82          223
2026-07-03 23:42:39,925 [MainThread  ] [INFO ]  
2026-07-03 23:42:39,925 [MainThread  ] [INFO ]                 micro        98.92        86.82        92.47          842
2026-07-03 23:42:39,925 [MainThread  ] [INFO ]                 macro        84.72        68.28        74.55          842
2026-07-03 23:42:39,943 [MainThread  ] [INFO ]  Evaluate: test
2026-07-03 23:42:45,202 [MainThread  ] [INFO ]  Evaluation
2026-07-03 23:42:45,202 [MainThread  ] [INFO ]  
2026-07-03 23:42:45,202 [MainThread  ] [INFO ]  --- NER ---
2026-07-03 23:42:45,203 [MainThread  ] [INFO ]  
2026-07-03 23:42:45,222 [MainThread  ] [INFO ]                  type    precision       recall     f1-score      support
2026-07-03 23:42:45,222 [MainThread  ] [INFO ]                    FN        75.00        16.22        26.67           37
2026-07-03 23:42:45,222 [MainThread  ] [INFO ]                   PER         0.00         0.00         0.00            1
2026-07-03 23:42:45,223 [MainThread  ] [INFO ]                    IV       100.00        96.69        98.32          151
2026-07-03 23:42:45,223 [MainThread  ] [INFO ]                    FC        93.03        94.92        93.97          197
2026-07-03 23:42:45,223 [MainThread  ] [INFO ]                    SN        50.00        16.67        25.00            6
2026-07-03 23:42:45,223 [MainThread  ] [INFO ]                   ORG        75.00        85.71        80.00           35
2026-07-03 23:42:45,223 [MainThread  ] [INFO ]                    IN        98.03        95.51        96.75          156
2026-07-03 23:42:45,223 [MainThread  ] [INFO ]                  SNum        94.84        84.52        89.38          239
2026-07-03 23:42:45,223 [MainThread  ] [INFO ]  
2026-07-03 23:42:45,223 [MainThread  ] [INFO ]                 micro        94.62        87.71        91.04          822
2026-07-03 23:42:45,223 [MainThread  ] [INFO ]                 macro        73.24        61.28        63.76          822
2026-07-03 23:42:45,223 [MainThread  ] [INFO ]  
2026-07-03 23:42:45,224 [MainThread  ] [INFO ]  --- NER on Localization ---
2026-07-03 23:42:45,224 [MainThread  ] [INFO ]  
2026-07-03 23:42:45,240 [MainThread  ] [INFO ]                  type    precision       recall     f1-score      support
2026-07-03 23:42:45,240 [MainThread  ] [INFO ]                Entity        96.05        88.69        92.22          822
2026-07-03 23:42:45,240 [MainThread  ] [INFO ]  
2026-07-03 23:42:45,241 [MainThread  ] [INFO ]                 micro        96.05        88.69        92.22          822
2026-07-03 23:42:45,241 [MainThread  ] [INFO ]                 macro        96.05        88.69        92.22          822
2026-07-03 23:42:45,241 [MainThread  ] [INFO ]  
2026-07-03 23:42:45,241 [MainThread  ] [INFO ]  --- NER on Classification ---
2026-07-03 23:42:45,241 [MainThread  ] [INFO ]  
2026-07-03 23:42:45,254 [MainThread  ] [INFO ]                  type    precision       recall     f1-score      support
2026-07-03 23:42:45,254 [MainThread  ] [INFO ]                    FN       100.00        16.22        27.91           37
2026-07-03 23:42:45,254 [MainThread  ] [INFO ]                   PER         0.00         0.00         0.00            1
2026-07-03 23:42:45,254 [MainThread  ] [INFO ]                    IV       100.00        96.69        98.32          151
2026-07-03 23:42:45,254 [MainThread  ] [INFO ]                    FC        96.39        94.92        95.65          197
2026-07-03 23:42:45,254 [MainThread  ] [INFO ]                    SN        50.00        16.67        25.00            6
2026-07-03 23:42:45,254 [MainThread  ] [INFO ]                   ORG       100.00        85.71        92.31           35
2026-07-03 23:42:45,255 [MainThread  ] [INFO ]                    IN       100.00        95.51        97.70          156
2026-07-03 23:42:45,255 [MainThread  ] [INFO ]                  SNum        99.02        84.52        91.20          239
2026-07-03 23:42:45,255 [MainThread  ] [INFO ]  
2026-07-03 23:42:45,255 [MainThread  ] [INFO ]                 micro        98.63        87.71        92.85          822
2026-07-03 23:42:45,255 [MainThread  ] [INFO ]                 macro        80.68        61.28        66.01          822
2026-07-03 23:42:45,276 [MainThread  ] [INFO ]  Best Dev-F1 score: 91.24133585381222, achieved at Epoch: 25, Test-F1: 91.183879093199
2026-07-03 23:42:45,276 [MainThread  ] [INFO ]  Train epoch: 27
